"carpark","category","weekdays_rate_1","weekdays_rate_2","saturday_rate","sunday_publicholiday_rate","lon","lat"
"25 Toa Payoh Lorong 8","Central, North & North East","Daily: $1.30 / 30 Mins","Daily: $1.30 / 30 Mins","Daily: $1.30 / 30 Mins","Daily: $1.30 / 30 Mins",103.860755,1.338557
"45 Burghley Drive","Central, North & North East","$0.018 /min","$0.018 /min","$0.018 /min","$0.018 /min",103.8596699,1.3595449
"Ang Mo Kio Hub","Central, North & North East","Mon-Fri: $1.20 for 1st hr; $0.60 for sub. ½ hr or part thereof.","Mon-Fri: $1.20 for 1st hr; $0.60 for sub. ½ hr or part thereof.","Sat, Sun / Ph: $1.30 for 1st hr; $0.65 for sub. ½ hr or part thereof.","Sat, Sun / Ph: $1.30 for 1st hr; $0.65 for sub. ½ hr or part thereof.",103.8484398,1.36953
"Balestier Plaza","Central, North & North East","Daily: $1.12 per hr","Daily: $1.12 per hr","Daily: $1.12 per hr","Daily: $1.12 per hr",103.8463065,1.3264948
"Balestier Point","Central, North & North East","8am-10pm: $1.20 per hr","Aft 10pm: $2 per entry","8am-10pm: $1.20 per hr, Aft 10pm: $2 per entry","$2 per entry",103.851969,1.3227672
"Bras Basah Complex","Central, North & North East","7am-5pm: $1 for ½ hr","5pm-1am: $0.50 for ½ hr","7am-5pm: $1 for ½ hr, 5pm-1am: $0.50 for ½ hr","7am-1am: $0.50 for ½ hr",103.8540002,1.2966145
"Causeway Point","Central, North & North East","7am-10.30pm: $1.20 for 1st hr or part thereof; $0.60 for sub.½ hr or part thereof.","7am-10.30pm: $1.20 for 1st hr or part thereof; $0.60 for sub. ½ hr or part thereof.","7am-12 midnight: $1.20 for 1st hr or part thereof; $0.60 for sub. ½ hr or part thereof.","7am-12 midnight: $1.20 for 1st hr or part thereof; $0.60 for sub. ½ hr or part thereof.",103.7859471,1.4360933
"Central Place","Central, North & North East","$1.80 for 1st hr; $0.85 for ½ hr","$1.80 for 1st hr; $0.85 for ½ hr","$1.80 for 1st hr; $0.85 for ½ hr","$2.50 per entry",103.819836,1.352083
"City Square Mall","Central, North & North East","7am-6pm: $1.20 for 1st hr; $0.60 for sub. 30 mins or part thereof.","6pm-3.30am: $3 per entry.","7am-6pm: $1.40 for 1st hr; $0.70 for sub. 30 mins; 6pm-3.30am: $3.50 per entry.","7am-6pm: $1.40 for 1st hr; $0.70 for sub. 30 mins; 6pm-3.30am: $3.50 per entry.",103.8566675,1.3111877
"Compass Point","Central, North & North East","Daily(7am-11pm): $1.20 for 1st hr or part thereof; $0.60 for sub. ½ hr or part thereof.","Daily(7am-11pm): $1.20 for 1st hr or part thereof; $0.60 for sub. ½ hr or part thereof.","Daily(7am-11pm): $1.20 for 1st hr or part thereof; $0.60 for sub. ½ hr or part thereof.","Daily(7am-11pm): $1.20 for 1st hr or part thereof; $0.60 for sub. ½ hr or part thereof.",103.8954118,1.3924343
"Goldhill Plaza","Central, North & North East","7am-5.30pm: $1.60 for 1st hr; $1 for sub. ½ hr","5.30pm-12am: $2 per entry","7am-5.30pm: $1 per hr; Aft 5.30pm: $2 per entry","7am-5.30pm: $1 per hr; Aft 5.30pm: $2 per entry",103.8434793,1.3178365
"Heartland Mall","Central, North & North East","7am-10.30pm: $1 per hr","Aft 10.30pm: $2 per hr","7am-10.30pm: $1 per hr, Aft 10.30pm: $2 per hr","7am-10.30pm: $1 per hr, Aft 10.30pm: $2 per hr",103.8851289,1.359469
"Hindoo Road Off-Street","Central, North & North East","Daily: 0700-0700: $0.50 / 30 mins (Per Minute Charging)","Daily: 0700-0700: $0.50 / 30 mins (Per Minute Charging)","Daily: 0700-0700: $0.50 / 30 mins (Per Minute Charging)","Daily: 0700-0700: $0.50 / 30 mins (Per Minute Charging)",103.8547067,1.3079731
"Hougang Green Shopping Mall","Central, North & North East","7am-5pm: $1.07 for 1st hr; $0.55 for sub. ½ hr","Aft 5pm: $1.20 per entry","7am-5pm: $1.07 for 1st hr; $0.55 for sub. ½ hr, Aft 5pm: $1.20 per entry","7am-12am: $2.15 per entry; Aft 12am: $1.20 per entry",103.8882148,1.3796363
"Hougang Mall","Central, North & North East","1st hr: $1.20;  2nd hr: $0.70 per ½ hr; 3rd hr onwards: $1 per ½ hr","1st hr: $1.20;  2nd hr: $0.70 per ½ hr; 3rd hr onwards: $1 per ½ hr","1st hr: $1.30;  2nd hr: $0.70 per ½ hr; 3rd hr onwards: $1 per ½ hr","1st hr: $1.30;  2nd hr: $0.70 per ½ hr; 3rd hr onwards: $1 per ½ hr",103.8937225,1.3725894
"Hougang Plaza","Central, North & North East","5am-5pm: $0.40 for ½ hr","Aft 5pm: $1.50 per entry","5am-5pm: $0.40 for ½ hr, Aft 5pm: $1.50 per entry","$1.50 per entry",103.8937225,1.3725894
"Junction 8 Shopping Centre","Central, North & North East","12am-5.59pm - $1.07 for 1st hr; $0.32 for sub. 15 mins","Mon-Thu: 6pm-11.59pm: $2.14 per entry; Fri/Eve of PH: 6pm-2.59am: $2.14 per entry","3am-5.59pm: $2.14 for 1st 2hrs; $0.32 for sub. 15 mins; 6pm-2.59am: $2.14 per entry","3am-5.59pm: $2.14 for 1st 2hrs; $0.32 for sub. 15 mins; 6pm-11.59pm: $2.14 per entry",103.8487631,1.3506808
"Kampong Bugis Off-Street","Central, North & North East","Daily: 0700-0700: $0.50 /30 mins (Per Minute Charging)","Daily: 0700-0700: $0.50 /30 mins (Per Minute Charging)","Daily: 0700-0700: $0.50 /30 mins (Per Minute Charging)","Daily: 0700-0700: $0.50 /30 mins (Per Minute Charging)",103.8660563,1.3076771
"Kampong Kapor Road Off-Street","Central, North & North East","Daily: 0700-0700: $0.50 /30 mins (Per Minute Charging)","Daily: 0700-0700: $0.50 /30 mins (Per Minute Charging)","Daily: 0700-0700: $0.50 /30 mins (Per Minute Charging)","Daily: 0700-0700: $0.50 /30 mins (Per Minute Charging)",103.8547067,1.3079731
"Mustafa Centre","Central, North & North East","Daily: 1st hr: Free; $2 for sub. hr","Daily: 1st hr: Free; $2 for sub. hr","Daily: 1st hr: Free; $2 for sub. hr","Daily: 1st hr: Free; $2 for sub. hr",103.8555583,1.3097877
"Nex Mall","Central, North & North East","Mon-Fri: $1.30 for 1st hr; $0.65 for sub. ½ hr","Mon-Fri: $1.30 for 1st hr; $0.65 for sub. ½ hr","Sat, Sun / Ph: $1.40 for 1st hr; $0.70 for sub. ½ hr","Sat, Sun / Ph: $1.40 for 1st hr; $0.70 for sub. ½ hr",103.8722585,1.3507723
"Northpoint Shopping Centre","Central, North & North East","Daily: $1.20 for 1st hr or part thereof; $0.80 for sub. ½ hr or part thereof.","Daily: $1.20 for 1st hr or part thereof; $0.80 for sub. ½ hr or part thereof.","Daily: $1.20 for 1st hr or part thereof; $0.80 for sub. ½ hr or part thereof.","Daily: $1.20 for 1st hr or part thereof; $0.80 for sub. ½ hr or part thereof.",103.8364152,1.4279686
"Parliament House","Central, North & North East","8.01am-6pm: $1.13 per ½ hr (per min basis)","6.01pm-8am: $2.06 per entry","8.01am-6pm: $1.13 per ½ hr (per min basis), 6.01pm-8am: $2.06 per entry","$2.06 per entry",103.8504863,1.2891543
"Ramada Hotel","Central, North & North East","6am-6pm: $1.60 per hr","Aft 6pm: $2.20 per entry","6am-6pm: $1.60 per hr, Aft 6pm: $2.20 per entry","6am-6pm: $1.60 per hr, Aft 6pm: $2.20 per entry",103.8465073,1.3270456
"Rivervale Mall","Central, North & North East","Daily: $1.28 for 1st hr, $0.64 for sub. 30 mins or part thereof.","Daily: $1.28 for 1st hr, $0.64 for sub. 30 mins or part thereof.","Daily: $1.28 for 1st hr, $0.64 for sub. 30 mins or part thereof.","Daily: $1.28 for 1st hr, $0.64 for sub. 30 mins or part thereof.",103.9047236,1.3919537
"Sembawang Shopping Centre","Central, North & North East","12am-11.59pm: $1.20 for 1st hr; $0.32 for sub. 15 mins","$1.20 for 1st hr; $0.30 for sub. 15 mins","12am-11.59pm: $1.20 for 1st hr; $0.32 for sub. 15 mins, $1.20 for 1st hr; $0.30 for sub. 15 mins","12am-11.59pm: $1.20 for 1st hr; $0.32 for sub. 15 mins, $1.20 for 1st hr; $0.30 for sub. 15 mins",103.8250936,1.4419459
"Shaw Plaza","Central, North & North East","8am-5pm: $1.04 for 1st hr; $0.53 for sub. ½ hr","Aft 5pm: $1.55 per entry","8am-5pm: $1.04 for 1st hr; $0.53 for sub. ½ hr, Aft 5pm: $1.55 per entry","8am-5pm: $1.04 for 1st hr; $0.53 for sub. ½ hr, Aft 5pm: $1.55 per entry",103.8511111,1.325
"Shrewsbury Road Off-Street","Central, North & North East","Daily, 0700-0700: $0.50 /30 mins (Per Minute Charging)","Daily, 0700-0700: $0.50 /30 mins (Per Minute Charging)","Daily, 0700-0700: $0.50 /30 mins (Per Minute Charging)","Daily, 0700-0700: $0.50 /30 mins (Per Minute Charging)",103.8483195,1.3182525
"Square 2","Central, North & North East","7am-6pm: $1.60 for 1st hr; $0.80 for sub. ½ hr","Aft 6pm: $2.20 per entry","7am-6pm: $1.60 for 1st hr; $0.80 for sub. ½ hr, Aft 6pm: $2.20 per entry","$2.20 for 1st 4hrs; $1.10 for sub. ½ hr; Aft 6pm: $2.20 per entry",103.8441474,1.3208322
"Sun Plaza","Central, North & North East","7am-5pm: $1.20 for 1st hr; $0.65 for sub. ½ hr","5pm-11pm: $2.20 per entry; Aft 11pm: $3.30 per entry","7am-5pm: $1.20 for 1st hr; $0.65 for sub. ½ hr, 5pm-11pm: $2.20 per entry; Aft 11pm: $3.30 per entry","7am-5pm: $1.20 for 1st hr; $0.65 for sub. ½ hr, 5pm-11pm: $2.20 per entry; Aft 11pm: $3.30 per entry",103.8196887,1.4482678
"The Verge","Central, North & North East","7am-5pm: $1.60 per hr","5pm-12am: $2.50 per entry; Aft 12am: $1.30 per hr","7am-5pm: $1.60 per hr, 5pm-12am: $2.50 per entry; Aft 12am: $1.30 per hr","7am-12am: $2.50 per entry; Aft 12am: $2 per hr",103.8513619,1.3050255
"Thomson Plaza","Central, North & North East","7am-12am: $1 for 1st hr; $0.60 for sub. ½ hr","7am-12am: $1 for 1st hr; $0.60 for sub. ½ hr","7am-11am & 4pm-12am: $1.20 for 1st hr; $0.70 for sub. ½ hr; 11am-4pm: $1.20 for 1st hr; $1 for sub. ½ hr","7am-11am & 4pm-12am: $1.20 for 1st hr; $0.70 for sub. ½ hr; 11am-4pm: $1.20 for 1st hr; $1 for sub. ½ hr",103.8308,1.3548
"Toa Payoh HDB Hub","Central, North & North East","7am-6pm: $0.50 per ½ hr","6pm-1am: $1 per entry; Aft 10.30pm: $2 per entry","7am-6pm: $0.50 per ½ hr, 6pm-1am: $1 per entry; Aft 10.30pm: $2 per entry","7am-1am: $1 per entry; Aft 10.30pm: $2 per entry",103.8494339,1.3320022
"United Square Shopping Mall","Central, North & North East","7pm-6pm: $2.20 for 1st hr; $1.10 for sub. hr","Aft 6pm: $2 per entry","7am-6pm: $2.20 for 1st 2hrs; $1.10 for sub. hr; Aft 6pm: $2 per entry","7am-6pm: $2.20 for 1st 2hrs; $1.10 for sub. hr; Aft 6pm: $2 per entry",103.8436682,1.3172768
"Velocity @ Novena Square","Central, North & North East","6am-6pm: $1.60 for 1st hr; $0.80 for sub. ½ hr","Aft 6pm: $2.20 per entry","6am-6pm: $1.60 for 1st hr; $0.80 for sub. ½ hr, Aft 6pm: $2.20 per entry","6am-6pm: $1.60 for 1st hr; $0.80 for sub. ½ hr, Aft 6pm: $2.20 per entry",103.8439452,1.3198822
"Yishun YS-ONE","Central, North & North East","0700-2230: $0.0167 /min","2230-0700: $0.0167 /min ;(Capped at $4.00)","0700-2230: $0.0167 /min, 2230-0700: $0.0167 /min ;(Capped at $4.00)","0700-2230: Free Parking, 2230-0700: $0.0167/min (Capped at $4.00)",103.8413713,1.4386873
"112 Katong","East","6am-9.59am: $0.54 for 1st hr; $0.16 for sub. 15mins. 10am-5.59pm: $1.07 for 1st hr; $0.27 for sub. 15mins.","6pm-8.59pm:$1.28 for 1st 30mins; $0.65 for sub. 15mins. 9pm-5.59am: $0.54 for 1st hr; $0.16 for sub. 15mins.","6am-9.59am: $0.54 for 1st hr; $0.16 for sub. 15mins. 10am-8.59pm: $1.28 for 1st 30mins; $0.65 for sub. 15mins. 9pm-5.59am: $0.54 for 1st hr; $0.16 for sub. 15mins.","6am-9.59am: $0.54 for 1st hr; $0.16 for sub. 15mins. 10am-8.59pm: $1.28 for 1st 30mins; $0.65 for sub. 15mins. 9pm-5.59am: $0.54 for 1st hr; $0.16 for sub. 15mins.",103.905072,1.3052204
"Bedok Mall","East","Daily: 12-11.59pm: $1.50 for 1st hr, $0.40 for sub. 15 mins","Daily: 12-11.59pm: $1.50 for 1st hr, $0.40 for sub. 15 mins","Daily: 12-11.59pm: $1.50 for 1st hr, $0.40 for sub. 15 mins","Daily: 12-11.59pm: $1.50 for 1st hr, $0.40 for sub. 15 mins",103.9296683,1.3245781
"Bedok Point","East","$1.20 for 1st hr or part thereof; $0.70 for sub ½ hr or part thereof.","$1.20 for 1st hr or part thereof; $0.70 for sub ½ hr or part thereof.","$1.20 for 1st hr or part thereof; $0.70 for sub ½ hr or part thereof., $1.20 for 1st hr or part thereof; $0.70 for sub ½ hr or part thereof.","$1.20 for 1st hr or part thereof; $0.70 for sub ½ hr or part thereof., $1.20 for 1st hr or part thereof; $0.70 for sub ½ hr or part thereof.",103.9273405,1.3236038
"Century Square","East","3.01am-6pm: S$1.07 for 1st hr and S$0.32 every 15 mins or part thereof.","6.01am-3am: $2.14 per entry","3.01am-6pm:S$0.32 every 15 mins or part thereof; 6.01am-3am:$2.14 per entry.","3.01am-6pm:S$0.32 every 15 mins or part thereof; 6.01am-3am:$2.14 per entry.",103.9438567,1.3523888
"Changi Airport - South Car Park (between T2 and JetQuay)","East","$0.035 per min. Capped at $35 per 24hrs. (Limited parking spaces and on a first-come, first-served basis)","$0.035 per min. Capped at $35 per 24hrs.","$0.035 per min. Capped at $35 per 24hrs.","$0.035 per min. Capped at $35 per 24hrs.",103.9915308,1.3644202
"Changi Airport - T1, T2, T3","East","$0.04 per min      *Based on the per-minute rate of S$0.04, 24 hours of parking will be S$57.60.","$0.04 per min","$0.04 per min","$0.04 per min",103.9915308,1.3644202
"Changi City Point","East","7.01am-6pm: $0.70 per ½ hr or part thereof.","6.01pm-7am: $2.50 per entry","7.01am-5pm: $2.50 for 1st 2hrs or part thereof; $1.20 for sub. ½ hr or part thereof. 5.01pm-7am: $2.50 per entry","7.01am-5pm: $2.50 for 1st 2hrs or part thereof; $1.20 for sub. ½ hr or part thereof. 5.01pm-7am: $2.50 per entry",103.9623868,1.334638
"Changi Village Hotel","East","8am-6pm: $2 for 1st hr; $1.50 for sub. hr","Aft 6pm: $5.35 per entry","8am-6pm: $2 for 1st hr; $1.50 for sub. hr, Aft 6pm: $5.35 per entry","8am-6pm: $2 for 1st hr; $1.50 for sub. hr, Aft 6pm: $5.35 per entry",103.9860557,1.3904644
"City Plaza","East","8am-5pm: $1.10 for 1st hr; $0.70 for sub. ½ hr","5pm-12am: $1.20 per entry; Aft 12am: $2.40 per entry","8am-5pm: $1.10 for 1st hr; $0.70 for sub. ½ hr, 5pm-12am: $1.20 per entry; Aft 12am: $2.40 per entry","7am-12am: $1.20 per entry; Aft 12am: $2.40 per entry",103.893408,1.3147644
"D'Resort","East","Mon-Thu (excluding PH, Eve of PH & School Holiday) $0.024 per min; Max/day: $15 (Valid up to 12 midnight and not applicable for multiple entries).","Mon-Thu (excluding PH, Eve of PH & School Holiday) $0.024 per min; Max/day: $15 (Valid up to 12 midnight and not applicable for multiple entries).","Fri-Sat (Including PH, Eve of PH & School Holiday) $0.024 per min; 5pm-12am: $5 per entry. Max/day: $19.","Fri-Sat (Including PH, Eve of PH & School Holiday) $0.024 per min; 5pm-12am: $5 per entry. Max/day: $19.",103.9549304,1.3799401
"Downtown East","East","Mon-Thu (excluding PH, Eve of PH & School Holiday) $0.024 per min; Max/day: $12.50 (Valid up to 12 midnight and not applicable for multiple entries).","Mon-Thu (excluding PH, Eve of PH & School Holiday) 5pm-12am: $2.40 per entry. Max/day:$12.50; Fri: $3.40 per entry.","Fri-Sat (Including PH, Eve of PH & School Holiday) $0.024 per min; 5pm-12am: $3.40 per entry. Max/day: $16.","Fri-Sat (Including PH, Eve of PH & School Holiday) $0.024 per min; 5pm-12am: $3.40 per entry. Max/day: $16.",103.9546233,1.3776279
"East Coast Park E1/E2/E3 Off-Street","East","Daily: 0700-0700: $0.50 /30 Mins (Per Minute Charging)","Daily: 0700-0700: $0.50 /30 Mins (Per Minute Charging)","Daily: 0700-0700: $0.50 /30 Mins (Per Minute Charging)","Daily: 0700-0700: $0.50 /30 Mins (Per Minute Charging)",103.9121866,1.3007842
"Eastpoint Mall","East","Daily: $1.20 for 1st hr or part thereof, $0.30 for sub. 15 mins or part thereof.","Daily: $1.20 for 1st hr or part thereof, $0.30 for sub. 15 mins or part thereof.","Daily: $1.20 for 1st hr or part thereof, $0.30 for sub. 15 mins or part thereof., Daily: $1.20 for 1st hr or part thereof, $0.30 for sub. 15 mins or part thereof.","Daily: $1.20 for 1st hr or part thereof, $0.30 for sub. 15 mins or part thereof., Daily: $1.20 for 1st hr or part thereof, $0.30 for sub. 15 mins or part thereof.",103.9530415,1.3427145
"Grand Mecure Roxy Hotel","East","Daily: $1.60 per hr","Daily: $1.60 per hr","Daily: $1.60 per hr","Daily: $1.60 per hr",103.9047014,1.3032177
"IKEA (Tampines)","East","Daily free: 7am-11pm","Daily free: 7am-11pm","Daily free: 7am-11pm","Daily free: 7am-11pm",103.9322926,1.374177
"Katong Shopping Centre","East","7am-6pm: $1 per hr","Aft 6pm: $2 per entry","7am-6pm: $1 per hr, Aft 6pm: $2 per entry","$2 per entry",103.9011732,1.303903
"Katong Village","East","8am-6pm: $2.20 per hr","Aft 6pm: $6 per entry","8am-6pm: $2.20 per hr, Aft 6pm: $6 per entry","8am-6pm: $2.20 per hr, Aft 6pm: $6 per entry",103.9029678,1.3036204
"Lifelong Learning Institute","East","6am-5:59pm: $0.90 per ½ hr. Full Day Parking-6am-11:59pm: $16.","6pm-11.59pm: $3.21 per entry; 12am-5.59am: $12 per entry","6am-5:59pm: $0.90 per ½ hr. Full Day Parking-6am-11:59pm: $16., 6pm-11.59pm: $3.21 per entry; 12am-5.59am: $12 per entry","6am-11:59pm: $3.21 per entry; 12am-5.59am: $12 per entry",103.8923718,1.3195211
"Paramount Hotel","East","8am-5pm: $0.60 per ½ hr","Aft 5pm: $2.50 per entry","8am-5pm: $0.60 per ½ hr, Aft 5pm: $2.50 per entry","$2.50 per entry",103.9029408,1.3037177
"Parkway Parade","East","6am-6pm: $1 for 1st hr;  $0.40 for sub. ½ hr","6pm-2am: $1.50 per entry; Aft 2am: $20 per entry","6am-10am: $0.50 for 1st hr; $0.40 for sub.15 mins; 10am-6pm: $1.30 for 1st hr; $0.40 for sub. 15 mins; 6pm-2am: $2.10 per entry. Aft 2am: $20 per entry","6am-10am: $0.50 for 1st hr; $0.40 for sub.15 mins; 10am-6pm: $1.30 for 1st hr; $0.40 for sub. 15 mins; 6pm-2am: $2.10 per entry. Aft 2am: $20 per entry",103.9052333,1.3013366
"Roxy Square","East","7am-6pm: $1.20 for 1st hr; $1.40 for sub. hr","5pm-12am: $2.50 per entry","7am-6pm: $1.20 for 1st hr; $1.40 for sub. hr, 5pm-12am: $2.50 per entry","7am-6pm: $1.20 for 1st hr; $1.40 for sub. hr, 5pm-12am: $2.50 per entry",103.9047014,1.3032177
"Singapore Expo","East","Daily: $3.20 for 1st 2hrs; $1.50 for sub. ½ hr (Maximum Daily Charge:$20)","Daily: $3.20 for 1st 2hrs; $1.50 for sub. ½ hr (Maximum Daily Charge:$20)","Daily: $3.20 for 1st 2hrs; $1.50 for sub. ½ hr (Maximum Daily Charge:$20), Daily: $3.20 for 1st 2hrs; $1.50 for sub. ½ hr (Maximum Daily Charge:$20)","Daily: $3.20 for 1st 2hrs; $1.50 for sub. ½ hr (Maximum Daily Charge:$20), Daily: $3.20 for 1st 2hrs; $1.50 for sub. ½ hr (Maximum Daily Charge:$20)",103.959537,1.3335251
"Singapore Post Centre","East","7am-5pm: $1.60 for 1st hr, $1.00 for next sub  ½ hr","5pm-12am: $3/entry. 12am-7am: $1.60 for 1st hr, $1.00 for next sub ½ hr.","7am-1pm: $1.60 for 1st hr, $1 for next sub  ½ hr. 1pm-12am: $3 per entry; 12am-7am $1.60 for 1st hr, $1.00 for next sub ½ hr.","7am-12am: $3 per entry; 12am-7am $1.60 for 1st hr, $1.00 for next sub ½ hr .",103.8944605,1.3189418
"Tampines 1","East","1st hr $1.07; 2nd hr $0.55 per ½ hr; Aft 2hrs: $0.35 per 15 mins","1st hr $1.07; 2nd hr $0.55 per ½ hr; Aft 2hrs: $0.35 per 15 mins","1st hr $1.28; 2nd hr $0.60 per ½ hr; Aft 2hrs: $0.45 per 15 mins","1st hr $1.28; 2nd hr $0.60 per ½ hr; Aft 2hrs: $0.45 per 15 mins",103.9450352,1.354212
"Tampines Junction","East","8am-5pm: $1 for 1st hr; $0.50 for sub. ½ hr","Aft 5pm: $2 per entry","Charges same as wkdays, but closed after 2pm","Closed",103.941837,1.352148
"Tampines Mall","East","12am-5:59pm: $1.07 for 1st hr; $0.32 for sub. 15mins","Mon-Thu: 6pm-11.59pm: $2.14 per entry; Fri & Eve of PH: 6pm-2.59am: $2.14 per entry","3am-5.59pm: $2.14 for 1st 2hrs; $0.32 for sub. 15mins; 6pm-2.59am: $2.14 per entry","3am-5.59pm: $2.14 for 1st 2hrs; $0.32 for sub. 15mins; 6pm-11.59am: $2.14 per entry",103.9447179,1.3524936
"Tampines Plaza (Compaq Centre)","East","8am-5pm: $1 per ½ hr","Aft 5pm: $2 per entry","8am-5pm: $1 per ½ hr, Aft 5pm: $2 per entry","$2 per entry",103.942739,1.3531704
"Telepark","East","Daily: 7am-10pm: $0.70 per ½ hr (An additional surcharge of $22 per exit after 10pm)","Daily: 7am-10pm: $0.70 per ½ hr (An additional surcharge of $22 per exit after 10pm)","Daily: 7am-10pm: $0.70 per ½ hr (An additional surcharge of $22 per exit after 10pm)","Daily: 7am-10pm: $0.70 per ½ hr (An additional surcharge of $22 per exit after 10pm)",103.9420929,1.3535191
"White Sands Shopping Centre","East","7am-7pm: $1.20 per hr for 1st 2hrs; $1.20 for sub. ½ hr","Aft 7pm: $2 per entry","7am-7pm: $1.20 per hr for 1st 2hrs; $1.20 for sub. ½ hr, Aft 7pm: $2 per entry","7am-7pm: $1.20 per hr for 1st 2hrs; $1.20 for sub. ½ hr, Aft 7pm: $2 per entry",103.9496584,1.3724166
"Amara Hotel","Hotels","8am-4.59pm: $2 per ½ hr","5pm-7.59am (the following day) : $3 per entry","8am-4.59pm: $2 per ½ hr, 5pm-7.59am (the following day) : $3 per entry","$3 per entry",103.8435337,1.2747537
"Berjaya Hotel","Hotels","8.30am-5pm: $1 per ½ hr","5pm-10pm: $1 per hr; Aft 10pm: Free","8.30am-5pm: $1 per ½ hr, 5pm-10pm: $1 per hr; Aft 10pm: Free","8.30am-10pm: $1 per hr. Aft 10pm: Free",103.84321,1.278803
"Carlton Hotel","Hotels","7am-6pm: $3 for 1st hr; $1.50 for for sub. ½ hr","Aft 6pm: $6 per entry","7am-6pm: $3 for 1st hr; $1.50 for for sub. ½ hr, Aft 6pm: $6 per entry","7am-6pm: $3 for 1st hr; $1.50 for for sub. ½ hr, Aft 6pm: $6 per entry",103.8527419,1.2960301
"Concorde Hotel","Hotels","7am-6pm: $2.14 for 1st hr; $1.39 for sub. ½ hr","Aft 6pm: $3.75 per entry","7am-6pm: $2.14 for 1st hr; $1.39 for sub. ½ hr, Aft 6pm: $3.75 per entry","$3.75 per entry",103.841536,1.3007654
"Conrad Centennial Hotel","Hotels","7am-6pm: $3.30 for 1st hr; $1.10 for sub.½ hr","Aft 6pm: $2.20 per entry","$2.20 for 1st 2hrs; $1.10 for sub. hr","$2.20 for 1st 2hrs; $1.10 for sub. hr",103.8587623,1.2932404
"Copthorne King's Hotel","Hotels","7am-12am: $3 for 1st hr; $1.50 for sub ½ hr","Aft 12am: $4 for 1st hr; $2 for sub ½ hr","7am-12am: $3 for 1st hr; $1.50 for sub ½ hr, Aft 12am: $4 for 1st hr; $2 for sub ½ hr","7am-12am: $3 for 1st hr; $1.50 for sub ½ hr, Aft 12am: $4 for 1st hr; $2 for sub ½ hr",103.8366159,1.2882885
"Copthorne Orchid Hotel","Hotels","8am-5pm: $1.50 for 1st hr; $1 for sub. hr, per day $20)","Aft 5pm: $3 per entry","8am-5pm: $1.50 for 1st hr; $1 for sub. hr, per day $20), Aft 5pm: $3 per entry","8am-5pm: $1.50 for 1st hr; $1 for sub. hr, per day $20), Aft 5pm: $3 per entry",103.8498409,1.2810504
"Elizabeth Hotel","Hotels","7am-5pm: $3 for 1st hr; $1.50 for sub. ½ hr","Aft 5pm: $4 per entry","$4 per entry","$4 per entry",103.8357086,1.308114
"Four Seasons Hotel","Hotels","6am-5pm: $6 for 1st hr; $3 for sub. ½ hr","Aft 5pm: $6 per entry","6am-5pm: $6 for 1st hr; $3 for sub. ½ hr, Aft 5pm: $6 per entry","6am-5pm: $6 for 1st hr; $3 for sub. ½ hr, Aft 5pm: $6 per entry",103.8283333,1.3052778
"Furama City Centre Singapore","Hotels","5am-5pm: $1.40 for 1st ½ hr; $1.50 for sub. ½ hr","Aft 5pm: $3 per entry","5am-5pm: $1.40 for 1st ½ hr; $1.50 for sub. ½ hr, Aft 5pm: $3 per entry","$3 per entry",103.8446054,1.2864727
"Furama Riverfront Singapore","Hotels","7am-5pm: $1 per ½ hr","Aft 5pm: $6 per entry","7am-5pm: $1 per ½ hr, Aft 5pm: $6 per entry","7am-5pm: $1 per ½ hr, Aft 5pm: $6 per entry",103.8359909,1.28774
"Gallery Hotel","Hotels","12pm-2pm: $3 for 1st hr; $1 for sub. ½ hr; $2 for 1st hr, $0.50 for sub. ½ hr from 2.01pm to 6.00pm for Mon-Thu","6pm-11.59pm: $3 for 1st hr; $1 for sub. ½ hr; $2 for 1st hr; $0.50 for sub. ½ hr  from 12am-11.59am for Mon-Thu","6am-11.59pm: $3 for 1st hr; $0.50 for sub. ½ hr, $3 for 1st hr; $0.50 for sub. ½ hr from 12am-1.59am for Fri-Sun/PH","$2 for 1st hr; $0.50 for sub. ½ hr from 2.01am-6am for Fri-Sun/PH",103.8590017,1.3153809
"Goodwood Park Hotel","Hotels","8am-6pm: $4 for 1st hr; $2 for sub. ½ hr","Aft 6pm: $5 per entry","8am-6pm: $4 for 1st hr; $2 for sub. ½ hr, Aft 6pm: $5 per entry","$5 per entry",103.834405,1.3084774
"Grand Copthorne Waterfront Hotel","Hotels","7am-5pm: $3.75 for 1st hr; $2.14 for sub. hr","Aft 5pm: $4.28 per entry","7am-5pm: $3.75 for 1st hr; $2.14 for sub. hr, Aft 5pm: $4.28 per entry","$4.28 per entry",103.8353025,1.2900873
"Grand Hyatt Hotel","Hotels","4am-4.59pm: $3.21 for 1st hr; $1.07 for sub. ½ hr","Aft 5pm: $5.35 per entry","4am-4.59pm: $3.21 for 1st hr; $1.07 for sub. ½ hr, Aft 5pm: $5.35 per entry","4am-3.59am: $5.35 per entry",103.8331003,1.3065838
"Grand Mercure Roxy Hotel","Hotels","Daily: $1.60 per hr","Daily: $1.60 per hr","Daily: $1.60 per hr","Daily: $1.60 per hr",103.9047014,1.3032177
"Grand Pacific Hotel (Formerly Allson Hotel)","Hotels","7am-5pm: $1.32 per ½ hr","Aft 5pm: $3.57 per entry","7am-5pm: $1.32 per ½ hr, Aft 5pm: $3.57 per entry","$3.57 per entry",103.8528,1.2974
"Grand Park City Hall Hotel","Hotels","7am-5pm: $3.28 for 1st hr; $1.55 for sub. ½ hr","Aft 5pm: $5.35 per entry","7am-5pm: $3.28 for 1st hr; $1.55 for sub. ½ hr, Aft 5pm: $5.35 per entry","7am-5pm: $3.28 for 1st hr; $1.55 for sub. ½ hr, Aft 5pm: $5.35 per entry",103.8500174,1.2924657
"Grand Park Orchard","Hotels","8am-5pm: $3.50 for 1st hr; $1.50 for sub. ½ hr","Aft 5pm: $5 per entry","8am-5pm: $3.50 for 1st hr; $1.50 for sub. ½ hr, Aft 5pm: $5 per entry","8am-5pm: $3.50 for 1st hr; $1.50 for sub. ½ hr, Aft 5pm: $5 per entry",103.836278,1.3035171
"Hilton Hotel","Hotels","8am-6pm: $7 for 1st hr","Aft 6pm: $7 per entry","8am-6pm: $7 for 1st hr, Aft 6pm: $7 per entry","$7 per entry",103.82942,1.305891
"Holiday Inn Atrium","Hotels","7am-5pm: $1.80 per hr","Aft 5pm: $3.60 per entry","7am-5pm: $1.80 per hr, Aft 5pm: $3.60 per entry","$3.60 per entry",103.8342013,1.2890076
"Holiday Inn Express Singapore","Hotels","$3 per ½ hr.","$3 per ½ hr.","$3 per ½ hr., $3 per ½ hr.","$3 per ½ hr., $3 per ½ hr.",103.8367315,1.3032367
"Holiday Inn Singapore Orchard City Centre","Hotels","$3 for 1st hr; $1.50 for sub. ½ hr","$3 for 1st hr; $1.50 for sub. ½ hr","$3 for 1st hr; $1.50 for sub. ½ hr, $3 for 1st hr; $1.50 for sub. ½ hr","$3 for 1st hr; $1.50 for sub. ½ hr, $3 for 1st hr; $1.50 for sub. ½ hr",103.8410344,1.3023125
"Inter-continental Hotel","Hotels","8am-5pm: $1.07 for 1st hr; $0.37 for sub. 10mins (Car park at Parco Bugis Junction)","Mon-Thu: Aft 5pm: $2.50 per entry. Fri: $2.50 for 1st 2hrs; $0.25 for sub. 10 mins","$2.50 for 1st 2hrs; $0.25 for sub. 10 mins","$2.50 for 1st 2hrs; $0.25 for sub. 10 mins",103.8549173,1.2983644
"klapsons, The Boutique Hotel","Hotels","6.30am to 6.30pm - first 3 hours at $3.00 and subsequent half an hour at $1.50","6.30pm to 6.30am - $ 4.00 flat","After 2pm - $4.00 flat","$4.00 flat",103.8422614,1.273852
"Landmark Village Hotel (Formally Golden Landmark Hotel)","Hotels","8am-5pm: $1.90 for 1st hr; $1.07 for sub. ½ hr","Aft 5pm: $2.14 per entry","8am-5pm: $1.90 for 1st hr; $1.07 for sub. ½ hr, Aft 5pm: $2.14 per entry","$2.14 per entry",103.8578797,1.3023045
"M Hotel","Hotels","7am-6pm: $1.50 per ½ hr","Aft 6pm: $3 per entry","Charges same as wkdays, but $3 per entry after 1pm","$3 per entry",103.8450399,1.273767
"Mandarin Orchard Singapore","Hotels","7am-6pm: $3.50 for 1st hr; $1.20 for sub. ½ hr","Aft 6pm: $6 per entry","7am-6pm: $3.50 for 1st hr; $1.20 for sub. ½ hr, Aft 6pm: $6 per entry","7am-6pm: $3.50 for 1st hr; $1.20 for sub. ½ hr, Aft 6pm: $6 per entry",103.8359339,1.3020052
"Mandarin Oriental Hotel","Hotels","Mon-Thu: 7am-5pm: $2.20 for 1st 2hrs; $1.10 per ½ hr for sub. ½ hr (Car Park at Marina Square)","Mon-Thu: 5pm-2am: $2.20 per entry; 2am-7am: $1.10 per ½ hr","Fri/Sat-Sun/PH: 7am-2am :$2.40 for 1st 2 hrs; $1.20 per hr for sub. 2hrs; $1.40 per ½ hr for sub. ½ hr after 4 hrs of parking. 2am-7am: $1.10 per ½ hr","Fri/Sat-Sun/PH: 7am-2am :$2.40 for 1st 2 hrs; $1.20 per hr for sub. 2hrs; $1.40 per ½ hr for sub. ½ hr after 4 hrs of parking. 2am-7am: $1.10 per ½ hr",103.8582972,1.2908185
"Marina Bay Sands","Hotels","7am-7pm: $6 for 1st hr; $1 for sub. hr; (Capped at $26 every 24hrs)","Aft 7pm: $6 per entry","7am-7pm: $6 for 1st hr; $1 for sub. hr; (Capped at $26 every 24hrs), Aft 7pm: $6 per entry","7am-7pm: $6 for 1st hr; $1 for sub. hr; (Capped at $26 every 24hrs), Aft 7pm: $6 per entry",103.8607305,1.2838935
"Marina Mandarin Hotel","Hotels","Mon-Thu: 7am-5pm: $2.20 for 1st 2hrs; $1.10 per ½ hr for sub. ½ hr (Car Park at Marina Square)","Mon-Thu: 5pm-2am: $2.20 per entry; 2am-7am: $1.10 per ½ hr for sub. ½ hr","Fri-Sun/PH: 7am-2am :$2.40 for 1st 2hrs; $1.20 per hr for sub. 2hrs; $1.40 per ½ hr for sub. ½ hr after 4 hrs of parking. 2am-7am: $1.10 per ½ hr for sub. ½ hr","Fri-Sun/PH: 7am-2am :$2.40 for 1st 2hrs; $1.20 per hr for sub. 2hrs; $1.40 per ½ hr for sub. ½ hr after 4 hrs of parking. 2am-7am: $1.10 per ½ hr for sub. ½ hr",103.8571184,1.2917922
"Novotel Clarke Quay","Hotels","7am-5pm: $1.07 per hr","Aft 5pm: $3.21 per entry","7am-1pm: $1.07 per hr; Aft 1pm: $3.21 per entry","$3.21 per entry",103.844758,1.291803
"One Fullerton","Hotels","7am-6pm: $2.50 per ½ hr","After 6pm: $5 per entry","$5 per entry","$5 per entry",103.8539595,1.2861349
"Orchard Grand Court Hotel","Hotels","7am-5pm: $2.50 per hr","Aft 5pm: $3 per entry","7am-5pm: $2.50 per hr, Aft 5pm: $3 per entry","$3 per entry",103.8385637,1.2975085
"Orchard Hotel Shopping Arcade","Hotels","7am-6pm: $5 for 1st hr; $1.50 for sub. ½ hr","Aft 6pm: $5.50 per entry","7am-6pm: $5 for 1st hr; $1.50 for sub. ½ hr, Aft 6pm: $5.50 per entry","$5 per entry",103.828781,1.3074912
"Orchard Parade Hotel","Hotels","7am-5pm: $4 for 1st hr; $1.50 for sub. ½ hr","Aft 6pm: $4 per entry","7am-5pm: $4 for 1st hr; $1.50 for sub. ½ hr, Aft 6pm: $4 per entry","$4 per entry",103.827668,1.3065228
"Pan Pacific Hotel","Hotels","Mon-Thu: 7am-5pm: $2.20 for 1st 2hrs; $1.10 per ½ hr for sub. ½ hr (Car Park at Marina Square)","Mon-Thu: 5pm-2am: $2.20 per entry; 2am-7am: $1.10 per ½ hr","Fri/Sat-Sun/PH: 7am-2am :$2.40 for 1st 2 hrs; $1.20 per hr for sub. 2hrs; $1.40 per ½ hr for sub. ½ hr after 4 hrs of parking. 2am-7am: $1.10 per ½ hr","Fri/Sat-Sun/PH: 7am-2am :$2.40 for 1st 2 hrs; $1.20 per hr for sub. 2hrs; $1.40 per ½ hr for sub. ½ hr after 4 hrs of parking. 2am-7am: $1.10 per ½ hr",103.8585852,1.2924176
"Pan Pacific Orchard","Hotels","7am-5pm: $4 for 1st hr; $1.50 for sub. ½ hr","Aft 5pm: $4 per entry","7am-5pm: $4 for 1st hr; $1.50 for sub. ½ hr, Aft 5pm: $4 per entry","$4 per entry",103.8377695,1.3009188
"PARKROYAL on Beach Road","Hotels","7am-5pm: Multi Storey Carpark - $2.50 for 1st hr; $1.50 for sub. ½ hr. Hotel Driveway - $6 for 1st hr; $2 for sub. ½ hr.","Aft 5pm: Multi Storey Carpark - $2.50 per entry. Hotel Driveway - $6 per entry.","Charges same as wkdays but $2.50 per entry (Multi-Storey Carpark) & $6 per entry (Hotel Driveway) after 1pm.","Multi-Storey Carpark - $2.50 per entry. Hotel Driveway - $6 per entry.",103.8604032,1.3001787
"Peninsula Excelsior Hotel","Hotels","8am-5pm: $2.60 for 1st hr; $1.50 for sub. ½ hr","Aft 5pm: $4 per entry","8am-5pm: $2.60 for 1st hr; $1.50 for sub. ½ hr, Aft 5pm: $4 per entry","8am-5pm: $1.50 per hr; Aft 5pm: $4 per entry",103.8499727,1.2921301
"Raffles Hotel","Hotels","12am-6pm: $3 for 1st ½ hr; $1.50 for sub. ½ hr","6pm-12am: $6 per entry","12am-6pm: $3 for 1st ½ hr; $1.50 for sub. ½ hr, 6pm-12am: $6 per entry","$6 per entry",103.8544791,1.2948829
"Regent Hotel","Hotels","7am-6pm: $5 for 1st hr; $2.50 for sub. ½ hr","Aft 6pm: $6 per entry","7am-6pm: $5 for 1st hr; $2.50 for sub. ½ hr, Aft 6pm: $6 per entry","7am-6pm: $5 for 1st hr; $2.50 for sub. ½ hr, Aft 6pm: $6 per entry",103.8248939,1.3047203
"Rendezvous Hotel","Hotels","Daily: $3.20 for 1st 2hrs; $1.60 for sub. hr","Daily: $3.20 for 1st 2hrs; $1.60 for sub. hr","Daily: $3.20 for 1st 2hrs; $1.60 for sub. hr","Daily: $3.20 for 1st 2hrs; $1.60 for sub. hr",103.8491411,1.2985227
"Royal Plaza On Scotts","Hotels","8am-6pm: $4 for 1st hr; $1.50 for sub. ½ hr","Aft 6pm: $5.50 per entry","8am-6pm: $4 for 1st hr; $1.50 for sub. ½ hr, Aft 6pm: $5.50 per entry","$5.50 per entry",103.8319667,1.3069695
"Shangri-la Hotel","Hotels","7am-5pm: $6 for 1st hr; $2 for sub. ½ hr","Aft 5pm: $8 per entry","7am-5pm: $6 for 1st hr; $2 for sub. ½ hr, Aft 5pm: $8 per entry","7am-5pm: $6 for 1st hr; $2 for sub. ½ hr, Aft 5pm: $8 per entry",103.826797,1.3112807
"Sheraton Towers Hotel","Hotels","7am-6pm: $4 for 1st hr; $2 for sub. ½ hr","Aft 6pm: $6 per entry","7am-6pm: $4 for 1st hr; $2 for sub. ½ hr, Aft 6pm: $6 per entry","$6 per entry",103.8364761,1.3118244
"Singapore Marriott Hotel","Hotels","6am-6pm: $0.05 per min/$3 per hr","Aft 6pm: $0.05 per min/$3 per hr","6am-6pm: $0.05 per min/$3 per hr, Aft 6pm: $0.05 per min/$3 per hr","6am-6pm: $0.05 per min/$3 per hr, Aft 6pm: $0.05 per min/$3 per hr",103.8329675,1.3052151
"Swissotel Merchant Court Hotel","Hotels","Daily: $4.50 for 1st hr; $1.50 for sub. ½ hr","Daily: $4.50 for 1st hr; $1.50 for sub. ½ hr","Daily: $4.50 for 1st hr; $1.50 for sub. ½ hr","Daily: $4.50 for 1st hr; $1.50 for sub. ½ hr",103.8458053,1.2884308
"Swissotel Stamford Hotel","Hotels","8am-5pm: $2 for 1st hr; $0.50 for sub. 15mins (Car park at Raffles City Shopping Centre)","Aft 5pm: $2.50 per entry","$2 for 1st 2hrs; $0.30 for sub. 15mins","$2 for 1st 2hrs; $0.30 for sub. 15mins",103.8535076,1.2932771
"The Ritz Carlton, Millenia Singapore","Hotels","7am-6pm: $3.30 for 1st hr; $1.10 for sub.½ hr","Aft 6pm: $2.20 per entry","$2.20 for 1st 2hrs; $1.10 for sub. hr","$2.20 for 1st 2hrs; $1.10 for sub. hr",103.8600906,1.2907544
"Traders Hotel","Hotels","6am-5pm: $2.40 for 1st hr; $1.20 for sub. ½ hr","Aft 5pm: $3.50 per entry","Charges same as wkdays, but $3.50 per entry after 1pm","$3.50 per entry",103.82392,1.304358
"York Hotel","Hotels","8.01am-6pm: $4 for 1st hr; $2 for sub. ½ hr","Aft 6pm: $5 per entry","8.01am-6pm: $4 for 1st hr; $2 for sub. ½ hr, Aft 6pm: $5 per entry","$5 per entry",103.8355304,1.30718
"313@Somerset","Orchard Area","$2 for 1st hr; $1 for sub. ½ hr","Aft 6pm: $4.50 for 1st 3hrs; $1.50 for sub. ½ hr","Same as weekdays","$4.50 for 1st 3hrs; $1.50 for sub ½ hr",103.838361,1.300898
"Angullia Park Off-Street","Orchard Area","$1.00 /30 mins (Per Minute Charging)","$0.50 /30 mins (Per Minute Charging)","0700-1700 : $1.00 per 30 mins; 1700-0700: $0.50 per 30 mins (Per Minute Charging)","$0.50 /30 mins (Per Minute Charging)",103.8296736,1.3038843
"Atrium @ Orchard","Orchard Area","Mon-Thurs: 12am-5.59pm: $1.07 for 1st hr; $0.32 for sub. 15mins; Fri & Eve of PH: $1.07 for 1st hr; $0.32 for sub. 15mins","Mon-Thurs: 6pm-11.59pm: $2.14 per entry; Fri & Eve of PH: 6pm-2.59am (the next day): $2.14 per entry","3am-5.59pm: $2.14 for 1st 2 hrs; $0.32 for sub. 15mins; Aft 6pm: $2.14 per entry","3am-5.59pm: $2.14 for 1st 2hrs; $0.32 for sub. 15mins.  6pm-11.59pm: $2.14 per entry",103.8458175,1.2995949
"Cathay Cineleisure Orchard","Orchard Area","From 7am: $2.40 for 1st hr; $1.40 for sub. ½ hr","Aft 6pm: $4.50 for 1st 3hrs; $1.60 for sub.½ hr","From 7am: $4.50 for 1st 3hrs; $1.60 for sub. ½ hr","From 7am: $4.50 for 1st 3hrs; $1.60 for sub. ½ hr",103.836414,1.3015948
"ComCentre (Exeter Rd)","Orchard Area","7am-6pm: $3 for 1st hr; $1.50 for sub. ½ hr","6pm-6.59am: $3.50 per entry","7am-12.59pm: $3 for 1st hr; $1.50 for sub. ½ hr.  1pm-10pm: $3 for 1st 2hr; $1.20 for sub. ½ hr.","7am-10pm: $3 for 1st 2 hr; $1.20 for sub. ½ hr",103.838201,1.2988469
"Delfi Orchard","Orchard Area","8am-5pm: $3 for 1st hr; $1.93 for sub. ½ hr","5pm-11pm: $4.07 per entry (Car park closed at 11pm daily)","8am-5pm: $3 for 1st hr; $1.93 for sub. ½ hr, 5pm-11pm: $4.07 per entry (Car park closed at 11pm daily)","8am-11pm: $4.07 per entry",103.8283279,1.307349
"Far East Plaza","Orchard Area","8am-5pm: $2.14 for 1st hr; $1.07 for sub. ½ hr.","Aft 5pm: $3.53 per entry.","8am-5pm: $2.14 for 1st hr; $1.07 for sub. ½ hr., Aft 5pm: $3.53 per entry.","$3.53 per entry.",103.8333034,1.3070854
"Far East Shopping Centre","Orchard Area","8am-5pm: $2.57 per hr; $1.28 for sub. ½hr.","5pm-12am: $3.75 per entry; 12am-8am the following day: $3.75 per entry","8am-5pm: $2.57 per hr; $1.28 for sub. ½hr., 5pm-12am: $3.75 per entry; 12am-8am the following day: $3.75 per entry","8am-12am: $3.75 per entry; 12am-8am the folowing day : $3.75 per entry",103.8299232,1.3057392
"Forum The Shopping Mall","Orchard Area","6am-5pm: $2.40 for 1st hr; $1.20 for sub. ½ hr","Aft 5pm: $3.20 per entry","6am-5pm: $2.60 for 1st hr; $1.40 for sub. ½ hr, Aft 5pm: $3.20 per entry","$3.20 per entry",103.8286111,1.3061111
"Grand Hyatt Singapore","Orchard Area","4am-4.59pm: $3.21 for 1st hr; $1.07 for sub. ½ hr","Aft 5pm: $5.35 per entry","4am-4.59pm: $3.21 for 1st hr; $1.07 for sub. ½ hr, Aft 5pm: $5.35 per entry","4am-3.59am: $5.35 per entry",103.8331003,1.3065838
"Grange Road Off-Street","Orchard Area","$1.00 /30 Mins (Per Minute Charging)","$0.50 /30 mins (Per Minute Charging)","0700-1700: $1.00 / per 30 mins. 1700-0700: $0.50 / per 30 mins (Per Minute Charging)","$0.50 / 30 Mins. (Per Minute Charging)",103.8307763,1.2997186
"International Building","Orchard Area","Carpark not in use","Carpark not in use","Carpark not in use","Carpark not in use",103.8310002,1.3061653
"ION Orchard","Orchard Area","Mon-Thu: 8am-4.59pm: $2.67 for 1st hr; $0.64 for sub. 15 mins","Mon-Thu: 5pm-11.59pm: $3 per entry. 12am-7.59am $1.07 per hr","Fri/Sat-Sun/PH: 8am-4.59pm: $2.56 for 1st hr; $0.94 for sub. 15 mins. 5-11.59pm: $3.74 per entry. 12am-7.59am $1.07 per hour","Fri/Sat-Sun/PH: 8am-4.59pm: $2.56 for 1st hr; $0.94 for sub. 15 mins. 5-11.59pm: $3.74 per entry. 12am-7.59am $1.07 per hour",103.8316406,1.3042012
"Liat Towers","Orchard Area","7am-6pm: $2.50 for 1st hr; $1.30 for sub. ½ hr","6pm-12am: $3.50 per entry","7am-6pm: $2.50 for 1st hr; $1.30 for sub. ½ hr, 6pm-12am: $3.50 per entry","7am-6pm: $2.50 for 1st hr; $1.30 for sub. ½ hr, 6pm-12am: $3.50 per entry",103.8305905,1.3051925
"Lucky Plaza","Orchard Area","7am-4.59pm: $1.93 for 1st hr; $1.28 for sub. ½ hr","Aft 5pm: $3.38 per entry","7am-4.59pm: $1.93 for 1st hr; $1.28 for sub. ½ hr, Aft 5pm: $3.38 per entry","Sun: 7am-9.59pm: $1.93 for 1st hr; $1.28 for sub. ½ hr; 10pm-6.59am: $3.38 per entry. PH: $4 per entry (Does not applies if PH falls on Sun)",103.8339449,1.3045456
"Mandarin Gallery","Orchard Area","6am-6pm: $3.50 for 1st hr; $0.05 per min","6pm-6am: $3.50 for 1st hr; $0.03 per min","6am-6pm: $3.50 for 1st hr; $0.05 per min, 6pm-6am: $3.50 for 1st hr; $0.03 per min","6am-6pm: $3.50 for 1st hr; $0.05 per min, 6pm-6am: $3.50 for 1st hr; $0.03 per min",103.8362722,1.302037
"Meritus Mandarin Singapore","Orchard Area","6am-6pm: $3.50 for 1st hr; $1.30 for sub. ½ hr","Aft 6pm: $6 per entry","6am-6pm: $3.50 for 1st hr; $1.30 for sub. ½ hr, Aft 6pm: $6 per entry","6am-6pm: $3.50 for 1st hr; $1.30 for sub. ½ hr, Aft 6pm: $6 per entry",103.8359339,1.3020052
"Ngee Ann City","Orchard Area","12.01am-12pm, 2.01pm-5pm: $1.28 for ½ hr , 12.01pm-2pm: $1.82 for ½ hr","5.01pm-7pm:$1.82 for ½ hr; Aft 7pm: $4.28 per entry","12.01am-12pm, 2.01pm-5pm: $2.57 for 1st hr; $1.61 for sub. ½ hr, 12.01pm-2pm, 5.01pm-7pm: $3.64 for 1st hr; $2.14 for sub. ½ hr, Aft 7pm: $4.28 per entry","12.01am-12pm, 2.01pm-5pm: $2.57 for 1st hr; $1.61 for sub. ½ hr, 12.01pm-2pm, 5.01pm-7pm: $3.64 for 1st hr; $2.14 for sub. ½ hr, Aft 7pm: $4.28 per entry",103.834568,1.3025572
"OG Orchard Point","Orchard Area","7am-10.59pm:$2 for 1st hr or part thereof; $1.50 per sub. ½ hr or part thereof.","11pm-6.59am: $2 per ½ hr or part thereof.","7am-10.59pm:$2 for 1st hr or part thereof; $1.50 per sub. ½ hr or part thereof., 11pm-6.59am: $2 per ½ hr or part thereof.","7am-10.59pm:$2 for 1st hr or part thereof; $1.50 per sub. ½ hr or part thereof., 11pm-6.59am: $2 per ½ hr or part thereof.",103.8405742,1.3013261
"Orchard Building","Orchard Area","7am-5pm: $2.20 for 1st hr; $1.20 for sub. ½ hr (Car park closed at 1am daily )","5pm-1am: $3.60 per entry","7am-5pm: $2.20 for 1st hr; $1.20 for sub. ½ hr (Car park closed at 1am daily ), 5pm-1am: $3.60 per entry","7am-5pm: $3.60 for 1st 3hrs; $1.20 for sub. ½ hr; 5pm-1am: $3.60 per entry",103.8373103,1.3014651
"Orchard Central","Orchard Area","2am-6pm: $2 for 1st hr; $1 for sub. ½ hr","6pm-2am: $4.50 for 1st 3hrs; $1.50 for sub. ½ hr","2am-6pm: $2 for 1st hr; $1 for sub. ½ hr, 6pm-2am: $4.50 for 1st 3hrs; $1.50 for sub. ½ hr","2am-2am: $4.50 for 1st 3hrs; $1.50 for sub. ½ hr",103.8398742,1.3006295
"Orchard Plaza","Orchard Area","7am-5pm: $1.39 for ½ hr","Aft 5pm: $3.85 per entry for 1st 3 hrs; $1.39 for sub. ½ hr","7am-5pm: $1.39 for ½ hr, Aft 5pm: $3.85 per entry for 1st 3 hrs; $1.39 for sub. ½ hr","7am-5pm: $1.39 for ½ hr, Aft 5pm: $3.85 per entry for 1st 3 hrs; $1.39 for sub. ½ hr",103.8321984,1.3048205
"Orchard Towers","Orchard Area","7am-5.59pm: $5 per hr","6pm-1.59am: $9 per entry. After 2am: $9 per entry","7am-5.59pm: $5 per hr, 6pm-1.59am: $9 per entry. After 2am: $9 per entry","7am-1.59pm: $9 per entry. 2am-6.59pm: $9 per entry",103.8293323,1.3072293
"orchardgateway","Orchard Area","12am-5.59pm: $3 for 1st 1½ hrs or part thereof; $1.50 for sub. ½ hr or part thereof.","6pm-11.59pm: $4.80 1st 2½ hrs or part thereof; $1.80 for sub. ½ hr or part thereof.","$4.80 1st 2½ hrs or part thereof; $1.80 for sub. ½ hr or part thereof.","$4.80 1st 2½ hrs or part thereof; $1.80 for sub. ½ hr or part thereof.",103.8389111,1.3009584
"Pacific Plaza","Orchard Area","8am-6pm: $1.50 per ½ hr","Aft 6pm: $3 for 1st 2hrs; $1 for sub. ½ hr","8am-6pm: $1.50 per ½ hr, Aft 6pm: $3 for 1st 2hrs; $1 for sub. ½ hr","8am-6pm: $1.50 per ½ hr, Aft 6pm: $3 for 1st 2hrs; $1 for sub. ½ hr",103.8320871,1.3065981
"Palais Renaissance","Orchard Area","7am-5pm: $2.80 for 1st hr; $1.60 for sub. ½ hr","5pm-1am: $3.80 per entry; Aft 1am: $1.50 per hr","7am-5pm: $2.80 for 1st hr; $1.60 for sub. ½ hr, 5pm-1am: $3.80 per entry; Aft 1am: $1.50 per hr","7am-1am: $3.80 per 4-hourly; 1am-7am: $1.50 per hr",103.829583,1.3067391
"Paragon Shopping Centre","Orchard Area","3am-5.59pm: $2.58 for 1st hr; $1.48 for sub. ½ hr. Daily $2 surcharge from 9am-9pm.  Additional Peak Hr Surcharge of $1.28 from 12pm to 2:30pm daily.","Aft 6pm: $3.48 per entry. Daily $2 surcharge from 9am-9pm.","3am-5.59pm: $2.58 for 1st hr; $1.48 for sub. ½ hr. Daily $2 surcharge from 9am-9pm.  Additional Peak Hr Surcharge of $1.28 from 12pm to 2:30pm daily., Aft 6pm: $3.48 per entry. Daily $2 surcharge from 9am-9pm.","3am-5.59pm: $3.48 for 1st 2hrs; $0.05 for sub. mins. Aft 6pm: $3.48 per entry. Daily $2 surcharge from 9am-9pm.  Additional Peak Hr Surcharge of $1.28 from 12pm to 2:30pm daily.",103.8357982,1.3038699
"Penang Road Off-Street","Orchard Area","$1.00 / 30 mins (Per Minute Charging)","$0.50 / 30 mins (Per Minute Charging)","0700-1700 : $1.00 / per 30 mins. 1700-0700: $0.50 / per 30 mins (Per Minute Charging)","$0.50 / 30 mins (Per Minute Charging)",103.8436672,1.2988932
"Plaza Singapura","Orchard Area","Mon-Thu:$1.07 for 1st hr; $0.32 for sub. 15mins.  Fri & Eve of PH: $2.14 for 1st 2 hr; $0.32 for sub. 15mins.","Mon-Thu: 6pm-11.59pm: $2.14 per entry; Fri & Eve of PH: 6pm-2.59am: $2.14 per entry","3am-5.59pm: $2.14 for 1st 2hrs; $0.32 for sub. 15mins; Aft 6pm: $2.14 per entry","3am-5.59pm: $2.14 for 1st 2hrs; $0.32 for sub. 15mins. 6pm-11.59pm: $2.14 per entry",103.8452356,1.3005317
"Scape","Orchard Area","7am-4.59pm: $1.95 per hr","5pm-6.59am: $4.90 for 1st 3hrs; $1.95 for sub. hr","All day: $1.95 per hr or part thereof.","7am-4.59pm: $1.95 per hr, 5pm-6.59am: $4.90 for 1st 3hrs; $1.95 for sub. hr.",103.8357316,1.3010294
"Shaw Centre","Orchard Area","3.01am-6pm: $2 for 1st hr; $1.50 for sub. ½ hr","6.01pm-3.01am: $4 per entry","3.01am-6pm: $2 for 1st hr; $1.50 for sub. ½ hr, 6.01pm-3.01am: $4 per entry","3.01am-6pm: $2 for 1st hr; $1.50 for sub. ½ hr, 6.01pm-3.01am: $4 per entry",103.8318472,1.3062932
"Shaw House","Orchard Area","3.01am-6pm: $2 for 1st hr; $1.50 for sub. ½ hr","6.01pm-3.01am: $4 per entry","3.01am-6pm: $2 for 1st hr; $1.50 for sub. ½ hr, 6.01pm-3.01am: $4 per entry","3.01am-6pm: $2 for 1st hr; $1.50 for sub. ½ hr, 6.01pm-3.01am: $4 per entry",103.8318472,1.3062932
"Sheraton Towers Singapore","Orchard Area","7am-6pm: $4 for 1st hr; $2 for sub. ½ hr","Aft 6pm: $6 per entry","7am-6pm: $4 for 1st hr; $2 for sub. ½ hr, Aft 6pm: $6 per entry","$6 per entry",103.8364761,1.3118244
"Singapore Shopping Centre","Orchard Area","8am-8pm: $2.50 for 1st hr; $1.25 for sub. ½ hr","Aft 8pm: $3 per entry","8am-8pm: $2.50 for 1st hr; $1.25 for sub. ½ hr, Aft 8pm: $3 per entry","8am-8pm: $2.50 for 1st hr; $1.25 for sub. ½ hr, Aft 8pm: $3 per entry",103.8440979,1.2980833
"Starhub Centre","Orchard Area","7am-6pm: $2 for 1st hr; $1.50 for sub. ½ hr","6pm-7am the following day:$2.00 for 1st hr, $1.50 for next subq 1/2hr","7am-6pm: $2 for 1st hr; $1.50 for sub. ½ hr, 6pm-7am the following day:$2.00 for 1st hr, $1.50 for next subq 1/2hr","7am-6pm: $2 for 1st hr; $1.50 for sub. ½ hr, 6pm-7am the following day:$2.00 for 1st hr, $1.50 for next subq 1/2hr",103.8405234,1.3026585
"Tanglin Mall","Orchard Area","6am-5pm: $2.40 for 1st hr; $1.20 for sub. ½ hr","Aft 5pm: $3.50 per entry","Charges same as wkdays, but $3.50 per entry after 1pm","$3.50 per entry",103.8238701,1.3050606
"Tanglin Shopping Centre","Orchard Area","8am-5.59pm: $3 for 1st hr; $1.75 for sub. ½ hr","Aft 6pm: $3.60 per entry","8am-5.59pm: $3 for 1st hr; $1.75 for sub. ½ hr, Aft 6pm: $3.60 per entry","$3.60 per entry",103.8266074,1.3062265
"Tangs","Orchard Area","6am-6pm: $3 for 1st hr, $0.05/min","6pm-6am the following day: $6 Per entry","6am-6pm: $3 for 1st hr, $0.05/min, 6pm-6am the following day: $6 Per entry","6am-6pm: $3 for 1st hr, $0.05/min, 6pm-6am the following day: $6 Per entry",103.8329225,1.3047955
"The Cathay","Orchard Area","8am-9:59am: $1.40 for ½ hr; 10am-9:59pm: $1.40 per hr","Aft 10pm: $3 per entry","8am-9:59pm: $1.40 per hr; Aft 10pm: $3 per entry","8am-9:59pm: $1.40 per hr; Aft 10pm: $3 per entry",103.8477778,1.2995083
"The Centrepoint","Orchard Area","7am-5pm: $2 for 1st hr; $1.50 sub. ½ hr","Aft 5pm: $2 for 1st hr; $1.50 sub. hr","7am-5pm: $2 for 1st hr; $1.50 sub. ½ hr, Aft 5pm: $2 for 1st hr; $1.50 sub. hr","$2 for 1st hr; $1.50 for sub. hr",103.839761,1.3021165
"The Heeren","Orchard Area","8am-11pm: $1.50 per ½ hr","8am-11pm: $1.50 per ½ hr","8am-11pm: $5 for 1st 3 hrs and $1.50 for subseqent ½ hr","8am-11pm: $5 for 1st 3 hrs and $1.50 for subseqent ½ hr",103.8372595,1.3032788
"TripleOne Somerset","Orchard Area","7am-5.59pm: $1.50 per ½ hr (charges are before GST)","6pm-11.59am: $1.80 per hr; 12am-6.59am:$0.50 sub 15 mins.","7am-5.59pm: $2 for 1st hr; $0.50 sub 15 mins. 6pm-11.59am: $1.80 per hr; 12am-6.59am:$0.50 sub 15 mins.","7am-11.59pm: $1.80 per hr; 12am-6.59am:$0.50 sub 15 mins.",103.8372952,1.3001685
"Wheelock Place","Orchard Area","8am-6pm: $3 for 1st hr; $1.50 for sub. ½ hr","Aft 6pm: $4.50 per entry","8am-6pm: $3 for 1st hr; $1.50 for sub. ½ hr, Aft 6pm: $4.50 per entry","8am-6pm: $3 for 1st hr; $1.50 for sub. ½ hr, Aft 6pm: $4.50 per entry",103.8305375,1.3047145
"Winsland House","Orchard Area","7am-7pm: $2.50 for 1st hr; $1.20 for sub. ½ hr","7pm-11pm: $3.50 per entry. Aft 11pm: $3.50 per entry","7am-7pm: $2.50 for 1st hr; $1.20 for sub. ½ hr, 7pm-11pm: $3.50 per entry. Aft 11pm: $3.50 per entry","7am-11pm: $4.50 per entry. Aft 11pm: $3.50 per entry",103.8403749,1.2997125
"Wisma Atria","Orchard Area","7am-5pm: $2.40 for 1st hr; $1.20 for sub. ½ hr (Lunch Hr Surcharge of additional $1.07 between 12pm - 2pm)","Aft 5pm: $3.50 per entry","$3.60 for 1st 2hrs; $0.80 for sub. ½ hr","$3.60 for 1st 2hrs; $0.80 for sub. ½ hr",103.8330524,1.303841
"Changi Chapel and Museum (The Changi Museum)","Singapore Attractions","Free daily","Free daily","Free daily","Free daily",103.97332,1.362294
"Chinatown Heritage Centre","Singapore Attractions","Parking is available at the public car park adjacent to the Buddha Tooth Relic Temple, URA centre and People's Park Centre.","Parking is available at the public car park adjacent to the Buddha Tooth Relic Temple, URA centre and People's Park Centre.","Parking is available at the public car park adjacent to the Buddha Tooth Relic Temple, URA centre and People's Park Centre.","Parking is available at the public car park adjacent to the Buddha Tooth Relic Temple, URA centre and People's Park Centre.",103.844404,1.2834607
"Chinese Garden","Singapore Attractions","6am-6pm: Free 1st hr; $0.50 for sub. ½ hr","Aft 6pm: $0.50 per ½ hr","6am-6pm: Free 1st hr; $0.50 for sub. ½ hr, Aft 6pm: $0.50 per ½ hr","6am-6pm: Free 1st hr; $0.50 for sub. ½ hr, Aft 6pm: $0.50 per ½ hr",103.7303578,1.3385396
"Haw Par Villa","Singapore Attractions","Daily(9am-7pm): $5 per entry (Car park closed after 7pm)","Daily(9am-7pm): $5 per entry (Car park closed after 7pm)","Daily(9am-7pm): $5 per entry (Car park closed after 7pm)","Daily(9am-7pm): $5 per entry (Car park closed after 7pm)",103.7824933,1.2842878
"Hay Dairies Goat Farm","Singapore Attractions","Free daily: 9am-4pm","Free daily: 9am-4pm","Free daily: 9am-4pm","Free daily: 9am-4pm",103.7099001,1.431605
"Jurong Bird Park","Singapore Attractions","Daily(8am-5pm): $2 per entry","Daily(8am-5pm): $2 per entry","Daily(8am-5pm): $2 per entry","Daily(8am-5pm): $2 per entry",103.7064417,1.3187065
"Labrador Secret Tunnel ( Labrador Park )","Singapore Attractions","Free daily","Free daily","Free daily","Free daily",103.8051005,1.2630334
"Mandai Orchid Garden","Singapore Attractions","Free daily","Free daily","Free daily","Free daily",103.7845357,1.4071116
"Memories at Old Ford Factory","Singapore Attractions","Daily free parking at Carparks C and D","Daily free parking at Carparks C and D","Daily free parking at Carparks C and D","Daily free parking at Carparks C and D",103.769295,1.352549
"Mount Faber (Jewel Box)","Singapore Attractions","Limited public parking spaces availiable. Valet parking at The Jewel Box is available at $5 per car","Limited public parking spaces availiable. Valet parking at The Jewel Box is available at $5 per car","Limited public parking spaces availiable. Valet parking at The Jewel Box is available at $5 per car","Limited public parking spaces availiable. Valet parking at The Jewel Box is available at $5 per car",103.819606,1.2711414
"National Museum of Singapore","Singapore Attractions","Limited parking facility is available at the National Museum. Other parking facilities are available at YMCA, Singapore Management University and Fort Canning Park","Limited parking facility is available at the National Museum. Other parking facilities are available at YMCA, Singapore Management University and Fort Canning Park","Limited parking facility is available at the National Museum. Other parking facilities are available at YMCA, Singapore Management University and Fort Canning Park","Limited parking facility is available at the National Museum. Other parking facilities are available at YMCA, Singapore Management University and Fort Canning Park",103.8485095,1.2966147
"Reflections at Bukit Chandu","Singapore Attractions","Daily free parking at Carparks C and D of Pepys Road","Daily free parking at Carparks C and D of Pepys Road","Daily free parking at Carparks C and D of Pepys Road","Daily free parking at Carparks C and D of Pepys Road",103.7942047,1.2797412
"Resorts World Sentosa - Universal Studios Singapore (RWS B1 car park)","Singapore Attractions","Mon-Thu: 7am-7pm: $7 for 1st hr; $1 for sub. ½ hr or part thereof. (Max: $28 per 24 hrs)","Aft 7pm: $6 per entry","Fri/Sat-Sun/PH: 7am-7pm: $8 for 1st hr; $2 for sub. ½ hr or part thereof.  Aft 7pm: $8 per entry (Max: $28 per 24 hrs)","Fri/Sat-Sun/PH: 7am-7pm: $8 for 1st hr; $2 for sub. ½ hr or part thereof.  Aft 7pm: $8 per entry (Max: $28 per 24 hrs)",103.8238084,1.2540421
"Royal Selangor Pewter Museum ( Park at Clarke Quay)","Singapore Attractions","$2.20 for 1st hr; $1.10 for sub. ½ hr (Car park at Clarke Quay)","Aft 5pm: $2.50 per entry","$2.20 for 1st hr; $1.10 for sub. ½ hr (Car park at Clarke Quay), Aft 5pm: $2.50 per entry","$2.50 per entry",103.8464742,1.2906024
"Sentosa (Beach and Imbiah car park)","Singapore Attractions","7am-5pm: Island Entry: $6 per car*; Parking - $3 for 1st 4hrs; $1 for sub. hr. Except 12pm-2pm: Island Entry $2 per car*, free parking. *Rates covers all passengers in car","5.01pm-6.59am: Island entry: $2 per car*; parking - $1 per entry","7am-5pm: Island entry: $7 per car*; Parking - $5 for 1st 4 hrs; $2 for sub. hr; 5.01pm-6.59am: $3 per car*; parking - $2 per entry","7am-5pm: Island entry: $7 per car*; Parking - $5 for 1st 4 hrs; $2 for sub. hr; 5.01pm-6.59am: $3 per car*; parking - $2 per entry",103.8189946,1.2512018
"Sentosa (Tanjong & Palawan car park)","Singapore Attractions","7am-5pm: Island Entry: $6 per car*; Parking - $3 for 1st 8hrs; $1 for sub. hr. Except 12pm-2pm: Island Entry $2 per car*, free parking. *Rates covers all passengers in car","5.01pm-6.59am: Island entry: $2 per car*; parking - $1 per entry","7am-5pm: Island entry: $7 per car*; Parking - $3 for 1st 8hrs; $1 for sub. hr; 5.01pm-6.59am: $3 per car*; parking - $1 per entry","7am-5pm: Island entry: $7 per car*; Parking - $3 for 1st 8hrs; $1 for sub. hr; 5.01pm-6.59am: $3 per car*; parking - $1 per entry",103.8294151,1.241666
"Singapore Art Museum","Singapore Attractions","Parking at SAM reserved for cars with NHB parking labels.  Nearest Carparks available at Waterloo Street, Queen Street, NTUC Income Centre, Plaza by the Park and Singapore Management University.","Parking at SAM reserved for cars with NHB parking labels.  Nearest Carparks available at Waterloo Street, Queen Street, NTUC Income Centre, Plaza by the Park and Singapore Management University.","Parking at SAM reserved for cars with NHB parking labels.  Nearest Carparks available at Waterloo Street, Queen Street, NTUC Income Centre, Plaza by the Park and Singapore Management University.","Parking at SAM reserved for cars with NHB parking labels.  Nearest Carparks available at Waterloo Street, Queen Street, NTUC Income Centre, Plaza by the Park and Singapore Management University.",103.8510615,1.2973072
"Singapore Botanic Gardens","Singapore Attractions","7am-10.30pm: $0.02 per min (8am-9am: $1 peak hr charge for all passing vehicles that enter from Kheam Hock Road and exit at Evans/Cluny Road) - Closed from 12am-5am daily","7pm-10.30pm: $2 per maximum cap","7am-10.30pm: $0.02 per min (8am-9am: $1 peak hr charge for all passing vehicles that enter from Kheam Hock Road and exit at Evans/Cluny Road) - Closed from 12am-5am daily, 7pm-10.30pm: $2 per maximum cap","7am-10.30pm: $0.02 per min (8am-9am: $1 peak hr charge for all passing vehicles that enter from Kheam Hock Road and exit at Evans/Cluny Road) - Closed from 12am-5am daily, 7pm-10.30pm: $2 per maximum cap",103.8159136,1.3138397
"Singapore City Gallery (URA centre)","Singapore Attractions","6am-10pm: $1.10 per ½ hr (per min charging) Public parking is also available at the Erskine Road Off-Street Carpark next to Maxwell Road Food Centre.","10pm-6am: $3 per entry","6am-10pm: $1.10 per ½ hr (per min charging) Public parking is also available at the Erskine Road Off-Street Carpark next to Maxwell Road Food Centre., 10pm-6am: $3 per entry","6am-10pm: $0.55 per ½ hr (per min charging); Aft 10pm: $3 per entry",103.8452304,1.2796865
"Singapore Flyer","Singapore Attractions","6am-6pm: $2 per hr or part thereof. Free Lunchtime Parking from 12pm to 2pm (only valid for vehicles entering the multi-storey carpark after 12pm).","6pm-6am:$2 per entry.","6am-12midnight: $2 per hr or part thereof. 12midnight- 6am: $2 per entry.","6am-12midnight: $2 per hr or part thereof. 12midnight- 6am: $2 per entry.",103.8631368,1.2892988
"Singapore Mint Coin Gallery","Singapore Attractions","Wkdays free: 8.30am-4.30pm","Wkdays free: 8.30am-4.30pm","Wkdays free: 8.30am-4.30pm","Wkdays free: 8.30am-4.30pm",103.7395299,1.3254139
"Singapore Philatelic Museum","Singapore Attractions","URA coupon parking. Nearest car park at Armenian Street between Bible House and Peranakan Museum","URA coupon parking. Nearest car park at Armenian Street between Bible House and Peranakan Museum","URA coupon parking. Nearest car park at Armenian Street between Bible House and Peranakan Museum","URA coupon parking. Nearest car park at Armenian Street between Bible House and Peranakan Museum",103.8486632,1.2928284
"Singapore Science centre/Singapore Discovery Centre / Snow City","Singapore Attractions","Daily: $0.50 per ½ hour","Daily: $0.50 per ½ hour","Daily: $0.50 per ½ hour","Daily: $0.50 per ½ hour",103.7351693,1.3351884
"Singapore Turf Club (STC)","Singapore Attractions","Daily: $5 per entry","Daily: $5 per entry","Daily: $5 per entry","Daily: $5 per entry",103.7622666,1.4219327
"Singapore Zoological gardens/Night Safari","Singapore Attractions","Daily: $3 for 1st hr; $2 sub. hr or part thereof. 4th hour onwards: $8.00 flat rate (maximum)","Daily: $3 for 1st hr; $2 sub. hr or part thereof. 4th hour onwards: $8.00 flat rate (maximum)","Daily: $3 for 1st hr; $2 sub. hr or part thereof. 4th hour onwards: $8.00 flat rate (maximum)","Daily: $3 for 1st hr; $2 sub. hr or part thereof. 4th hour onwards: $8.00 flat rate (maximum)",103.7880606,1.4021872
"Sungei Buloh Wetland Reserve","Singapore Attractions","Daily free: 7am-7pm","Daily free: 7am-7pm","Daily free: 7am-7pm","Daily free: 7am-7pm",103.7245442,1.4479987
"The Arts House (Park at New Parliament House)","Singapore Attractions","Available at current Parliament House, The Adelphi and the road side along Empress Place","Available at current Parliament House, The Adelphi and the road side along Empress Place","Available at current Parliament House, The Adelphi and the road side along Empress Place","Available at current Parliament House, The Adelphi and the road side along Empress Place",103.8511111,1.2886111
"The Battle Box ( Park at Fort Canning","Singapore Attractions","URA coupon parking","URA coupon parking","URA coupon parking","URA coupon parking",103.8461761,1.2961611
"Underwater World Singapore","Singapore Attractions","Mon-Thu: 7am-11.59pm: $7.50 for 1st 3 hrs; $5 per hr or part thereof","Mon-Thu: 12am-06.59am: $20 per entry","Fri-Sun incl. PH & Sch Holidays:7am-11.59pm: $9 for 1st 3 hrs; $5 per hr or part thereof. 12am-06.59am: $20 per entry","Fri-Sun incl. PH & Sch Holidays:7am-11.59pm: $9 for 1st 3 hrs; $5 per hr or part thereof. 12am-06.59am: $20 per entry",103.8176303,1.2583382
"10 Raeburn Park","South & CBD","$1.07 per hr","1700-2300:- $2.14 per entry, 2300-0800: $1.07 per hr","0800-1700: $1.07 per hr, 1700-2300: $2.14 per entry, 2300-0800: $1.07 per hr","$1.07 per hr",103.8334078,1.2740256
"1557 Keppel Road","South & CBD","0700-1900:$1.29 for 1st hr, $0.43 /15 mins thereafter","1900-0700: $2.14 /Entry","0700-1300:-$1.29 for 1st hr, $0.43 per 15 mins thereafter; 1300-0700: $2.14 /Entry","$2.14 / Entry",103.8406466,1.2728774
"34 Boon Leat Terrace","South & CBD","$0.80 / 30 mins","1800-2200: $2.50 per entry. 2200-0700: $4.00 per entry","0700-1300: $0.80 /30 mins. 1300-0700: $4.00 /entry","$4.00 / entry",103.7971787,1.276338
"798 Upper Bukit Timah Road","South & CBD","0000-0700: $2.14 /30 mins. 0700-0000: $1.07 /30 mins.","0000-0700: $2.14 /30 mins. 0700-0000: $1.07 /30 mins.","0000-0700: $2.14 /30 mins. 0700-0000: $1.07 /30 mins.","0000-0700: $2.14 /30 mins. 0700-0000: $1.07 /30 mins.",103.763909,1.3735059
"8 Shenton Way","South & CBD","7am-6pm: $2.30 per ½ hr","Aft 6pm: $2.80 per entry","Charges same as wkdays but $2.80 per entry after 1pm","$2.80 per entry",103.8474403,1.2761294
"Asia Square","South & CBD","7am-5.59pm: $0.08 per min","6pm onwards: $3 per entry","7am-6.59am (next day): $3 per entry","7am-6.59am (next day): $3 per entry",103.8509025,1.2779532
"Bangkok Bank Building","South & CBD","7am-7pm: $2 for 1st ½ hr; $4 for sub. hr","7am-7pm: $2 for 1st ½ hr; $4 for sub. hr","Charges same as wkdays but Closed at 3pm","Closed",103.8477784,1.2792514
"Bayfront Avenue","South & CBD","7am-6pm: $3 per hr","Aft 6pm: $1.20 per hr","7am-1pm: $3 per hr. Aft 1pm: $1.20 per hr","$1.20 per hr",103.8592267,1.2822323
"Bugis Junction","South & CBD","8am-5pm: $1.07 for 1st hr; $0.37 for sub. 10mins","Mon-Thu: Aft 5pm: $2.50 per entry. Fri: $2.50 for 1st 2hrs; $0.37 for sub. 10 mins","$2.50 for 1st 2hrs; $0.37 for sub. 10 mins","$2.50 for 1st 2hrs; $0.37 for sub. 10 mins",103.8555556,1.2988889
"Burlington Square","South & CBD","7am-5pm: $0.04 per min","Aft 5pm: $2.20 per entry","$0.06 per min","$0.06 per min",103.8526,1.3025
"CapitaCommercial Trust (CCT)","South & CBD","$2.05 per ½ hr","Aft 5pm: $3.10 per ½","Charges same as wkdays but $3.10 per ½ hr after 1pm","$3.10 per ½ hr",103.8511317,1.2819389
"Capital Square","South & CBD","8am-6pm: $2.20 for ½ hr or part thereof.","6pm-8am: $3.20 per entry","Charges same as wkdays but $3.20 per entry after 1pm","$3.20 per entry",103.8484779,1.284452
"Capital Tower","South & CBD","7am-6pm: $2.80 per ½ hr","Aft 6pm: $3.20 per entry","Charges same as wkdays but $3.20 per entry after 1pm","$3.20 per entry",103.8476215,1.2777366
"Central Mall","South & CBD","6am-5pm: $2.00 for 1st hr; $1.00 for sub. ½ hr","Aft 5pm: $3.00 per entry","6am-5pm: $2.00 for 1st hr; $1.00 for sub. ½ hr, Aft 5pm: $3.00 per entry","$3.00 per entry",103.8440979,1.2980833
"Central ©","South & CBD","6am-5pm: $2.20 for 1st hr; $1.10 for sub. ½ hr or part thereof","Aft 5pm: $3.50 per entry","6am-5pm: $2.20 for 1st hr; $1.10 for sub. ½ hr or part thereof, Aft 5pm: $3.50 per entry","$3.50 per entry",103.819836,1.352083
"Chijmes","South & CBD","8am-5.59am :$2.20 for 1st hr; $0.55 for sub. 15 mins.","6pm-5.59am: (Valet Parking Only) Valet Charge $4 per entry, Carpark charges: $4 per hr.","8am-5.59am :$2.20 for 1st hr; $0.55 for sub. 15 mins., 6pm-5.59am: (Valet Parking Only) Valet Charge $4 per entry, Carpark charges: $4 per hr.","8am-5.59am :$2.20 for 1st hr; $0.55 for sub. 15 mins., 6pm-5.59am: (Valet Parking Only) Valet Charge $4 per entry, Carpark charges: $4 per hr.",103.8521957,1.2951699
"China Square Central","South & CBD","8am-6pm: $1.80 per ½ hr or part thereof.","Aft 6pm: $3 per entry.  (12 midnight-6am: Closed)","$3 per entry. (12 midnight-6am: Closed)","$3 per entry. (12 midnight-6am: Closed)",103.8474967,1.283775
"Chinatown Point","South & CBD","7am-5pm: $1.20 per ½ hr","Aft 5pm: $2.50 per entry","7am-5pm: $1.20 per ½ hr, Aft 5pm: $2.50 per entry","$2.50 per entry",103.8447228,1.2852093
"Clarke Quay","South & CBD","7am-11.59am; 3pm-4.59pm: $2.14 for 1st 2hrs; $1.07 for sub. hr (Free parking between 12pm-2.59pm)","Aft 5pm: $2.14 for 1st hr; $1.07 for sub. hr (Cap at $5.35)","7am-4.59pm: $2.14 for 1st 2hrs; $1.07 for sub. hr; Aft 5pm: $2.14 for 1st hr; $1.07 for sub. hr (Cap at $5.35)","$2.68 per entry",103.8464742,1.2906024
"Clifford Centre","South & CBD","6am-5pm: $5 per hr  (Car park closed at 11pm daily from Mon-Sat)","5pm-11pm: $3 per entry","6am-5pm: $5 per hr  (Car park closed at 11pm daily from Mon-Sat), 5pm-11pm: $3 per entry","6am-5pm: $5 per hr  (Car park closed at 11pm daily from Mon-Sat), 5pm-11pm: $3 per entry",103.852378,1.283857
"Conrad Centennial Singapore","South & CBD","7am-6pm: $3.30 for 1st hr; $1.10 for sub.½ hr","Aft 6pm: $2.20 per entry","$2.20 for 1st 2hrs; $1.10 for sub. hr","$2.20 for 1st 2hrs; $1.10 for sub. hr",103.8587623,1.2932404
"CPF Building Robinson Road","South & CBD","6am-5pm: $1.50 per ½ hr","Closed at 5pm. Cars remaining from 5pm onward will be charged an additional flat rate of $5","6am-1pm : $1.50 per ½ hr. Closed at 1:00pm. Cars remaining from 1:00pm onward will be charged an additional flat rate of $5","Closed",103.8514011,1.2827743
"DBS Building","South & CBD","6am-7pm: $2.57 per ½ hr","Aft 7pm: $2.57 per entry","6am-1pm: $2.57 per ½ hr; aft 1pm: $2.57 per entry","$2.57 per entry",103.8395,1.33367
"Far East Square","South & CBD","6am-4.59pm: $2.14 per ½ hr","Aft 5pm: $3.21 per entry","$3.21 per entry","$3.21 per entry",103.8480136,1.2831684
"Far Eastern Bank Building","South & CBD","7am-6pm: $2.30 per ½ hr","Aft 6.30pm: $3.20 per entry","Charges same as wkdays but $3.20 per entry after 1pm","Closed",103.8482487,1.2799816
"Fortune Centre","South & CBD","7am-7pm: $3.22 per hr","Aft 7pm: $3.21 per entry","7am-7pm: $3.22 per hr, Aft 7pm: $3.21 per entry","7am-7pm: $3.22 per hr, Aft 7pm: $3.21 per entry",103.8520542,1.3004744
"Fu Lu Shou Complex","South & CBD","8am-5pm: $2.40 per hr","Aft 5pm: $2.20 per entry (Car park closed at 12.30am daily)","8am-5pm: $2.40 per hr, Aft 5pm: $2.20 per entry (Car park closed at 12.30am daily)","8am-5pm: $2.40 per hr, Aft 5pm: $2.20 per entry (Car park closed at 12.30am daily)",103.8544321,1.3016228
"Fullerton Hotel","South & CBD","7am-6pm: $2.20 per ½ hr","After 6pm: $5 per entry","$5 per entry","$5 per entry",103.8530671,1.2863532
"Funan DigitaLife Mall","South & CBD","12am-5.59pm: $2.14 for 1st hr; $0.54 for sub. 15mins","6pm-9.59pm: $2.14 per entry","12am-5.59pm: $2.14 for 1st hr; $0.54 for sub. 15mins, 6pm-9.59pm: $2.14 per entry","12am-5.59pm: $2.14 for 1st hr; $0.54 for sub. 15mins, 6pm-9.59pm: $2.14 per entry",103.8500832,1.291321
"Gillman Barracks","South & CBD","$0.50 / 30 mins","From 1700: $2.00 / entry","0700-1800 - Free Parking; 1800-0700: $2/entry.","Free Parking",103.8044444,1.2783333
"Golden Mile Complex","South & CBD","7am-6pm: $2 for 1st hr; $1 for sub. ½ hr","Aft 6pm: $2.20 per entry","7am-6pm: $2 for 1st hr; $1 for sub. ½ hr, Aft 6pm: $2.20 per entry","$2.20 per entry",103.8651169,1.3026966
"Golden Shoe Complex","South & CBD","7am-5pm: $2.60 per ½ hr","Aft 5pm: $3.30 per entry","Charges same as wkdays but $3.30 per entry after 1pm","$3.3 per entry",103.850119,1.284342
"Grand Park City Hall","South & CBD","7am-5pm: $3.28 for 1st hr; $1.55 for sub. ½ hr","Aft 5pm: $5.35 per entry","7am-5pm: $3.28 for 1st hr; $1.55 for sub. ½ hr, Aft 5pm: $5.35 per entry","7am-5pm: $3.28 for 1st hr; $1.55 for sub. ½ hr, Aft 5pm: $5.35 per entry",103.8500174,1.2924657
"Great Eastern Centre","South & CBD","8am-6pm: $1.80 per ½ hr (Car park at China square central; B2 closed from 12am-6am daily)","6pm-12am: $3 per entry","8am-12am: $3 per entry","8am-12am: $3 per entry",103.8477902,1.2847673
"Great World City","South & CBD","6.01am-5pm: $1.55 per hr","Aft 5pm: $3.30 per entry","$1.65 per hr (Max. of $6.00 per entry)","$1.65 per hr (Max. of $6.00 per entry)",103.8319293,1.2936417
"Harbourfront Centre","South & CBD","7am-6pm: $1.20 for 1st hr; $0.60 for sub. ½ hr","6pm-1am: $2.40 per entry; Aft 1am: $2.04 per hr","7am-6pm: $1.20 for 1st hr; $0.60 for sub. ½ hr, 6pm-1am: $2.40 per entry; Aft 1am: $2.04 per hr","7am-6pm: $1.20 for 1st hr; $0.60 for sub. ½ hr, 6pm-1am: $2.40 per entry; Aft 1am: $2.04 per hr",103.8203582,1.2642175
"Holiday Inn Atrium Singapore","South & CBD","7am-5pm: $1.80 per hr","Aft 5pm: $3.80 per entry","7am-5pm: $1.80 per hr, Aft 5pm: $3.80 per entry","$3.80 per entry",103.8342013,1.2890076
"Hong Leong Building","South & CBD","7am-5pm: $2.50 per ½ hr","5pm-11pm: $3.10 per entry. Aft 11pm: Overnight Charge of $12","7am-1pm: $2.50 per ½ hr; 1pm-11pm: $3.10 per entry. Aft 11pm: Overnight Charge of $12","7am-11pm: $3.10 per entry. Aft 11pm: Overnight Charge of $12",103.8510185,1.2814095
"Hub Synergy Point (Formerly Apex tower)","South & CBD","7am-6pm: $1 per ½ hr","6pm-12am: $1 per hr","7am-2pm: $1 per ½ hr; 2pm-12am: $1 per hr","7am-12am: $1 per hr",103.8449143,1.2740056
"Icon Village","South & CBD","7am-5pm: $1.50 per ½ hr","Aft 5pm: $3 per entry","7am-1pm: $3 per hr; Aft 1pm: $3 per entry","$3 per entry",103.8443917,1.2753013
"Iluma","South & CBD","8am-5pm: $1.07 for 1st hr; $0.37 for sub. 10 mins","Mon-Thu: Aft 5pm: $2.50 per entry; Fri: $2.50 for 1st 2hrs; $0.25 for sub. 10 mins","$2.50 for 1st 2hrs; $0.25 for sub. 10 mins","$2.50 for 1st 2hrs; $0.25 for sub. 10 mins",103.8542191,1.2995955
"Income At Raffles ( former Hitachi tower)","South & CBD","7.30am-5.59pm: $2.75 per ½ hr","6pm to 7.29am : $3.30 per entry","7.30am-12.59pm: $2.75 per ½ hr. 1.00pm-7.29am: $3.30 per entry","7.30am-7.29am: $3.30 per entry.",103.8524453,1.2842345
"Inter-continental Singapore Hotel","South & CBD","8am-5pm: $1.07 for 1st hr; $0.37 for sub. 10mins","Mon-Thu: Aft 5pm: $2.50 per entry. Fri: $2.50 for 1st 2hrs; $0.25 for sub. 10 mins","$2.50 for 1st 2hrs; $0.25 for sub. 10 mins","$2.50 for 1st 2hrs; $0.25 for sub. 10 mins",103.8549173,1.2983644
"International Plaza","South & CBD","7am-5pm: $2.20 per ½ hr","Aft 5pm: $3 per entry","Charges same as wkdays, but $3 per entry after 3pm","$3 per entry",103.8458098,1.2756998
"Keck Seng Tower","South & CBD","8am-6pm: $2.50 per ½ hr","6pm-10pm: $2.50 per entry","8am-2pm: $2.50 per ½ hr; 2pm-10pm: $2.50 per entry","Closed",103.8488417,1.28022
"Keppel Bay Tower / Harbourfront Tower One","South & CBD","7am-7pm: $1.05 per ½ hr","7pm-1am: $3.10 per entry; Aft 1am: $3.10 per hr","7am-1pm: $1.05 per ½ hr; 1pm-6pm: $1.20 for 1st hr; $0.60 for sub. ½ hr; 6pm-1am: $2.40 per entry; Aft 1am: $3.10 per hr","7am-6pm: $1.20 for 1st hr; $0.60 for sub. ½ hr; 6pm-1am: $2.40 per entry; Aft 1am: $3.10 per hr",103.8182751,1.2648866
"Keypoint","South & CBD","$1.10 for ½ hr","$2 per entry (close at midnight)","$1.10 for ½ hr, $2 per entry (close at midnight)","$2 per entry",103.865896,1.37824
"Landmark Village Hotel","South & CBD","8am-5pm: $1.90 for 1st hr; $1.07 for sub. ½ hr","Aft 5pm: $2.14 per entry","8am-5pm: $1.90 for 1st hr; $1.07 for sub. ½ hr, Aft 5pm: $2.14 per entry","$2.14 per entry",103.857529,1.301687
"Liang Court","South & CBD","7am-5pm: $1.07 per hr","Aft 5pm: $3.21 per entry","7am-1pm: $1.07 per hr; Aft 1pm: $3.21 per entry","$3.21 per entry",103.8446774,1.2913794
"Marina Bay Financial Centre Tower 1, 2 ,3 & Marina Bay Link Mall","South & CBD","6am-6pm: $1.07 per 10 mins","Aft 6pm: $3.21 for 1st 4hrs; $0.27 for sub. 10 mins","$3.21 for 1st 4hrs; $0.27 for sub. 10 mins","$3.21 for 1st 4hrs; $0.27 for sub. 10 mins",103.8541944,1.2801853
"Marina Square","South & CBD","Mon-Thu: 7am-5pm: $2.20 for 1st 2hrs; $1.10 per ½ hr for sub. ½ hr","Mon-Thu: 5pm-2am: $2.20 per entry; 2am-7am: $1.10 per ½ hr","Fri/Sat-Sun/PH: 7am-2am :$2.40 for 1st 2 hrs; $1.20 per hr for sub. 2hrs; $1.40 per ½ hr for sub. ½ hr after 4 hrs of parking. 2am-7am: $1.10 per ½ hr","Fri/Sat-Sun/PH: 7am-2am :$2.40 for 1st 2 hrs; $1.20 per hr for sub. 2hrs; $1.40 per ½ hr for sub. ½ hr after 4 hrs of parking. 2am-7am: $1.10 per ½ hr",103.8576778,1.2911534
"Merchant Square","South & CBD","8am-6pm: $2 for 1st ½ hr; $1 for sub. hr","Aft 6pm: $3 per entry","$3 per entry","$3 per entry",103.8441743,1.2889183
"Millenia Singapore","South & CBD","7am-6pm: $3.30 for 1st hr; $1.10 for sub.½ hr","Aft 6pm: $2.20 per entry","$2.20 for 1st 2hrs; $1.10 for sub. hr","$2.20 for 1st 2hrs; $1.10 for sub. hr",103.8600906,1.2907544
"Millenia Walk (Basement Car Park)","South & CBD","7am-6pm: $3.30 for 1st hr; $1.10 for sub.½ hr","Aft 6pm: $2.20 per entry","$2.20 for 1st 2hrs; $1.10 for sub. hr","$2.20 for 1st 2hrs; $1.10 for sub. hr",103.8599302,1.2913998
"Millenia Walk (Surface parking @ L1)","South & CBD","7am-6pm: $4.28 for 1st hr; $1.605 for sub. ½ hr","Aft 6pm: $4.28 for 1st 2hrs; $1.605 for sub. hr","$4.28 for 1st 2hrs; $1.605 for sub. hr","$4.28 for 1st 2hrs; $1.605 for sub. hr",103.8598344,1.2928181
"Neil Road Off-Street","South & CBD","$1.00 per 30 mins (Per Minute Charging)","$0.50 per 30 mins (Per Minute Charging)","0700-1700:$1.00 per 30 mins; 1700-0700: $0.50 per 30 mins (Per Minute Charging)","$0.50 per 30 mins (Per Minute Charging)",103.8405117,1.2780461
"North Bridge Centre","South & CBD","8am-5pm: $1.30 per ½ hr","5pm-11pm: $3 per entry","$3 per entry","$3 per entry",103.8447685,1.2792559
"OCBC centre","South & CBD","7am-6pm: $4 per hr","Aft 6pm: $3 per entry","$3 per entry","$3 per entry",103.8493334,1.2854302
"One Raffles Quay","South & CBD","6am-6pm: $1.07 per 10mins","Aft 6pm: $3.21 for 1st 4hrs; $0.27 per sub. 10 mins","$3.21 for 1st 4hrs; $0.27 per sub. 10 mins","$3.21 for 1st 4hrs; $0.27 per sub. 10 mins",103.85145,1.28112
"OUB Centre","South & CBD","7am-5pm : $2.62 per ½ hr","Aft 5pm: $3.21 per entry","7am-5pm : $2.62 per ½ hr, Aft 5pm: $3.21 per entry","7am-5pm : $2.62 per ½ hr, Aft 5pm: $3.21 per entry",103.851063,1.284177
"OUE Bayfront (Formerly Overseas Union House)","South & CBD","7am-5.59pm: $0.86 per 10mins block","Aft 6pm: $3.21 per entry","7am-2.59pm: $0.86 per 10mins block. 3pm-11.59am $3.21 per entry","$3.21 per entry",103.8528142,1.2826632
"Parklane Shopping Mall","South & CBD","7am-7pm: $2.50 for 1st hr; $1.25 for sub. ½ hr","7pm-12am: $2.50 per entry. Aft 12am: $2.50 per entry","7am-7pm: $2.50 for 1st hr; $1.25 for sub. ½ hr, 7pm-12am: $2.50 per entry. Aft 12am: $2.50 per entry","7am-12am: $3 per entry",103.8493367,1.300661
"Pearl's Centre","South & CBD","8.30am-5pm: $1.20 per ½ hr (max $22.90)","Aft 5pm: $2.50 per entry","8.30am-5pm: $1.20 per ½ hr (max $22.90), Aft 5pm: $2.50 per entry","$2.50 per entry",103.8406251,1.2814774
"Peninsular Plaza","South & CBD","Season Parking Only","Season Parking Only","Season Parking Only","Season Parking Only",103.8507911,1.2923601
"People's Park Centre","South & CBD","7am-5pm: $1.50 per ½ hr","Aft 5pm: $2.50 per entry","7am-5pm: $1.50 per ½ hr, Aft 5pm: $2.50 per entry","7am-5pm: $1.50 per ½ hr, Aft 5pm: $2.50 per entry",103.8440022,1.2857964
"PoMo (Fomerly Paradiz Centre)","South & CBD","8am-5pm: $1.25 per ½ hr","Aft 5pm: $2.95 per entry","8am-5pm: $1.25 per ½ hr, Aft 5pm: $2.95 per entry","$2.95 per entry",103.8492265,1.3001949
"PWC Building","South & CBD","8am-6pm: $2.20 per ½ hr","Aft 6pm: $3 per entry","$3 per entry","Closed",103.852771,1.278132
"Raffles City","South & CBD","8am-5.59pm: $2.20 for 1st hr; $0.55 for sub. 15mins","6pm-7.59am: $3 per entry","$2.20 for 1st 2hrs, $0.40 for sub. 15mins for 3rd and 4th hr, $0.60 for sub. 15mins for 5th hr onwards.","$2.20 for 1st 2hrs, $0.40 for sub. 15mins for 3rd and 4th hr, $0.60 for sub. 15mins for 5th hr onwards.",103.8534331,1.2937585
"Republic Plaza","South & CBD","7am-5pm: $3 per ½ hr","Aft 5pm: $3 per entry","Charges same as wkdays, but $3 per entry after 12pm","$3 per entry",103.8505956,1.283512
"Resorts World Sentosa","South & CBD","Mon-Thu: 7am-7pm: $7 for 1st hr; $1 for sub. ½ hr or part thereof. (Max: $28 per 24 hrs)","Aft 7pm: $6 per entry","Fri/Sat-Sun/PH: 7am-7pm: $8 for 1st hr; $2 for sub. ½ hr or part thereof.  Aft 7pm: $8 per entry (Max: $28 per 24 hrs)","Fri/Sat-Sun/PH: 7am-7pm: $8 for 1st hr; $2 for sub. ½ hr or part thereof.  Aft 7pm: $8 per entry (Max: $28 per 24 hrs)",103.8218107,1.255179
"Robertson Walk","South & CBD","6am-6pm: $1.50 for 1st hr or part thereof; $0.50 for sub. ½ hr or part thereof.","Aft 6pm: $4 per entry","6am-6pm: $1.50 for 1st hr or part thereof; $0.50 for sub. ½ hr or part thereof., Aft 6pm: $4 per entry","$4 per entry",103.8414078,1.2920186
"Robinson 77 (Formerly SIA Building)","South & CBD","7am-5pm: $2.4 per ½ hr","5pm-11pm: $2.4 per entry","Charges same as wkdays, but $2.4 per entry after 2pm","$2.4 per entry",103.8483915,1.2777689
"Robinson Centre","South & CBD","8am-5pm: $2 per ½ hr","Aft 5pm: $3 per entry","Charges same as wkdays, but $2 per entry after 1pm","Charges same as wkdays, but $2 per entry after 1pm",103.8491589,1.2793014
"School of the Arts, Singapore (SOTA)","South & CBD","7.00am-5.59pm: $2.50 per hr","6pm-2am (the next day): $5 per entry. 2.01am-6.59am: $5 (additional flat fee for overnight parking)","7am-5.59pm: $2.50 per hr. 6pm-2am (the next day): $5 per entry. 2.01am-6.59am: $5 (additional flat fee for overnight parking)","7am-5.59pm: $2.50 per hr. 6pm-2am (the next day): $5 per entry. 2.01am-6.59am: $5 (additional flat fee for overnight parking)",103.8486967,1.2993871
"SGX Centre","South & CBD","7am-5pm: $2.50 per ½ hr","5pm-10pm: $3 per entry (The car park closed at 10pm daily)","7am-10pm: $3 per entry","7am-10pm: $3 per entry",103.8498877,1.2794432
"Shenton House","South & CBD","8am-5.30pm: $3 per ½ hr","Aft 5.30pm: $3 per entry","Charges same as wkdays, but $3 per entry after 2pm","$3 per entry",103.8500637,1.2787648
"Sim Lim Square","South & CBD","3:30am-6pm: $0.05 per min","Aft 6pm: $2 per entry (1st hr Free parking from 6pm-10pm daily inclusive of PH)","3:30am-6pm: $0.05 per min, Aft 6pm: $2 per entry (1st hr Free parking from 6pm-10pm daily inclusive of PH)","3:30am-6pm: $0.05 per min, Aft 6pm: $2 per entry (1st hr Free parking from 6pm-10pm daily inclusive of PH)",103.8529208,1.3030433
"Sim Lim Tower","South & CBD","8am-6pm: $1.50 per ½ hr","Aft 6pm: $3 per entry","8am-6pm: $1.50 per ½ hr, Aft 6pm: $3 per entry","$3 per entry",103.8546083,1.3037844
"Singapore General Hospital (Carpark C, E, G & I)","South & CBD","7am-9.59pm: $0.036 per min/$2.16 per hr","10pm-6.59am: $2.14 per entry","7am-9.59pm: $0.036 per min/$2.16 per hr, 10pm-6.59am: $2.14 per entry","7am-9.59pm: $0.018 per min/$1.08 per hr; Aft 10pm: $2.14 per entry",103.835984,1.279677
"Singapore General Hospital (Multi-Storey Carpark H)","South & CBD","7am-9.59pm: $0.018 per min/$1.08 per hr","10pm-6.59am: $2.14 per entry","7am-9.59pm: $0.018 per min/$1.08 per hr, 10pm-6.59am: $2.14 per entry","$2.14 per entry",103.8306661,1.2799951
"Singapore Land Tower","South & CBD","For Tenants only","For Tenants only","For Tenants only","For Tenants only",103.8519923,1.2847487
"Six Battery Road","South & CBD","7am-6pm: $3.10 per ½ hr","Aft 6pm: $3.70 per entry","Charges same as wkdays, but $3.70 per entry after 1pm","$3.70 per entry",103.8519726,1.2856141
"Sunshine Plaza","South & CBD","7am-6pm: $1.07 per ½ hr","Aft 6pm: $3.21 per entry","7am-6pm: $1.07 per ½ hr, Aft 6pm: $3.21 per entry","7am-6pm: $1.07 per ½ hr, Aft 6pm: $3.21 per entry",103.8508826,1.3005314
"Suntec City","South & CBD","7am-5pm: $2.20 for 1st hr; $1.10 for sub. ½ hr (excluding PH)","5pm-12am:$2.20 per entry; Aft 12am:$1.10 per hr","$1.10 per hr","$1.10 per hr",103.8583026,1.29503
"Swissotel The Stamford Hotel","South & CBD","8am-5pm: $2 for 1st hr; $0.50 for sub. 15mins (Car park at Raffles City Shopping Centre)","Aft 5pm: $2.50 per entry","$2 for 1st 2hrs; $0.30 for sub. 15mins","$2 for 1st 2hrs; $0.30 for sub. 15mins",103.8535076,1.2932771
"Tanjong Katong Complex","South & CBD","HDB coupon parking","HDB coupon parking","HDB coupon parking","HDB coupon parking",103.8945531,1.3159363
"The Adelphi","South & CBD","6am-5pm: $2.40 for 1st hr; $1.20 for sub. ½ hr","5pm-1am: $3.21 per entry","6am-5pm: $2.40 for 1st hr; $1.20 for sub. ½ hr, 5pm-1am: $3.21 per entry","6am-1am: $3.21 per entry",103.8512167,1.2911845
"The Concourse","South & CBD","7am-5pm: $2.14 for 1st hr; $1.07 for sub. ½ hr","Aft 5pm: $2.14 per entry","Charges same as wkdays, but $1.07 per entry after 12pm","$1.07 per entry",103.8626788,1.3010685
"The Corporate Office","South & CBD","7am-5pm: $4 per hr","Aft 5pm: $2.50 per entry","7am-5pm: $4 per hr, Aft 5pm: $2.50 per entry","Closed",103.8493474,1.2853394
"The Esplanade","South & CBD","6am-6pm: $2 per hr ($1.50 per ½ hr at Waterfront car park daily) 12pm-2pm $2 per entry","6pm-10pm: $6 per entry; Aft 10pm: $2 per entry","6am-6pm: $2 per hr ($1.50 per ½ hr at Waterfront car park daily)","6am-6pm: $2 per hr ($1.50 per ½ hr at Waterfront car park daily)",103.8553744,1.2939413
"UE Square","South & CBD","8am-5pm: $2.00 for 1st hr; $1 for sub. hr","Aft 5pm: $3 per entry","8am-1pm: $2.00 for 1st hr; $1 for sub. hr; Aft 11pm: $3 per entry","$3 per entry",103.8426697,1.2921679
"UOB Plaza","South & CBD","7am-6pm: $2.50 per ½ hr","6pm-12am: $3.50 per entry. Aft 12am: $3.50 per entry","7am-12am: $3.50 per entry. Aft 12am $3.50 per entry","7am-12am: $3.50 per entry. Aft 12am $3.50 per entry",103.8505655,1.2853838
"Vivocity","South & CBD","7am-6pm: $1.20 for 1st hr; $0.60 for sub. ½ hr","6.01pm-4am: $3 per entry; Aft 4am: $2.50 per hr","7am-6pm: $1.40 for 1st hr; $0.70 for sub. ½ hr; 6.01pm-4am: $3.50 per entry; Aft 4am: $2.50 per hr","7am-6pm: $1.40 for 1st hr; $0.70 for sub. ½ hr; 6.01pm-4am: $3.50 per entry; Aft 4am: $2.50 per hr",103.8222071,1.2644032
"27 West Coast Highway","West","0000-0700: $0.75 / 30 mins (Capped at $4.28). 0700-2000: $0.75 / 30 mins (Capped at $4.28)","0000-0700: $0.75 / 30 mins (Capped at $4.28). 0700-2000: $0.75 / 30 mins (Capped at $4.28)","0000-0700: $0.75 / 30 mins (Capped at $4.28). 0700-2000: $0.75 / 30 mins (Capped at $4.28)","0000-0700: $0.75 / 30 mins (Capped at $4.28). 0700-2000: $0.75 / 30 mins (Capped at $4.28)",103.7806052,1.2830764
"Alexandra Retail Centre","West","7am to 6pm: $2/hr or part thereof.","6pm to 12mn: $2.40/entry; 12 mn to 7am: $2.40/hr or part thereof.","7am to 10am: $2/hr or part thereof; 10am to 12mn: $2.40/entry; 12 mn to 7am: $2.40/hr or part thereof.","7am to 12mn: $2.40/entry; 12 mn to 7am: $2.40/hr or part thereof.",103.8016048,1.2737935
"Anchorpoint Shopping Centre","West","8am-6.59pm: $1 for 1st ½ hr or part thereof; $2 for sub hr or part thereof.","7pm-7.59am: $2.50 per entry.","8am-6.59pm: $1 for 1st ½ hr or part thereof; $2 for sub hr or part thereof., 7pm-7.59am: $2.50 per entry.","8am-6.59pm: $1 for 1st ½ hr or part thereof; $2 for sub hr or part thereof., 7pm-7.59am: $2.50 per entry.",103.8050762,1.2887706
"Bukit Panjang Plaza","West","12am to 6pm :$1.07 for 1st hr, $0.32/min for sub.min.","6pm-12am: $2.14 per entry","12am to 6pm :$2.14 for 1st 2 hr, $0.32 for sub 15mins","12am to 6pm :$2.14 for 1st 2 hr, $0.32 for sub 15mins",103.7642339,1.3800396
"Bukit Timah Plaza (Multi-Storey Car Park)","West","7.30am-5pm: $1.28 per hr","5pm-12am: $2.25 per entry. Aft 12am: $2.25 per entry","7.30am-5pm: $1.28 per hr, 5pm-12am: $2.25 per entry. Aft 12am: $2.25 per entry","7.30am-5pm: $1.28 per hr, 5pm-12am: $2.25 per entry. Aft 12am: $2.25 per entry",103.7750752,1.3415911
"Bukit Timah Shopping Centre","West","8am-5pm: $1.25 per hr","Aft 5pm: $2.10 per entry","8am-5pm: $1.25 per hr, Aft 5pm: $2.10 per entry","8am-5pm: $1.25 per hr, Aft 5pm: $2.10 per entry",103.7760782,1.3431115
"Coronation Shopping Plaza","West","Daily(7.01am-7am): $2 per hr.","Daily(7.01am-7am): $2 per hr.","Daily(7.01am-7am): $2 per hr.","Daily(7.01am-7am): $2 per hr.",103.8099886,1.3239187
"Holland Road Shopping Centre","West","12am-8.59pm: $1.55 per ½ hr","Aft 9pm: $3.25 per entry","12am-8.59pm: $1.55 per ½ hr, Aft 9pm: $3.25 per entry","12am-8.59pm: $1.55 per ½ hr, Aft 9pm: $3.25 per entry",103.7954048,1.3104547
"IKEA (Alexandra)","West","Daily :$0.05 per min, $1.50 per 30 Mins (subsequently charged on a per minute basis)","Daily :$0.05 per min, $1.50 per 30 Mins (subsequently charged on a per minute basis)","Daily :$0.05 per min, $1.50 per 30 Mins (subsequently charged on a per minute basis)","Daily :$0.05 per min, $1.50 per 30 Mins (subsequently charged on a per minute basis)",103.8060273,1.2880072
"IMM Building","West","Free for 1st 2hrs for first entry only. Chargeable after 2nd hr of 1st entry @ $1.07 /hr; $0.30 for sub. 15 mins.","Free for 1st 2hrs for first entry only. Chargeable after 2nd hr of 1st entry @ $1.07 /hr; $0.30 for sub. 15 mins.","Free for 1st 2hrs for first entry only. Chargeable after 2nd hr of 1st entry @ $1.07 /hr; $0.30 for sub. 15 mins.","Free for 1st 2hrs for first entry only. Chargeable after 2nd hr of 1st entry @ $1.07 /hr; $0.30 for sub. 15 mins.",103.745952,1.334379
"JCube","West","3.30am-5.59pm: $1.30 for 1st hr; sub 15 mins or part thereof: $0.30. *Free 2 Hour Parking from 12 - 2pm daily (Monday - Friday) from now to 15 Oct 2015.","6pm-3.29am: $2.50 per entry","3.30am-5.59pm: $1.30 for 1st hr; sub 15 mins or part thereof: $0.30. *Free 2 Hour Parking from 12 - 2pm daily (Monday - Friday) from now to 15 Oct 2015., 6pm-3.29am: $2.50 per entry","3.30am-5.59pm: $1.30 for 1st hr; sub 15 mins or part thereof: $0.30. *Free 2 Hour Parking from 12 - 2pm daily (Monday - Friday) from now to 15 Oct 2015., 6pm-3.29am: $2.50 per entry",103.7401992,1.33331
"Junction 10","West","$1.25 for 1st hr; $0.65 for sub. hr","$1.25 for 1st hr; $0.65 for sub. hr","$1.25 for 1st hr; $0.65 for sub. hr, $1.25 for 1st hr; $0.65 for sub. hr","$1.25 for 1st hr; $0.65 for sub. hr, $1.25 for 1st hr; $0.65 for sub. hr",103.7606506,1.3798647
"Jurong Point Shopping Centre","West","7am-5pm: $1.07 for 1st 2hrs; $1.07 for sub. hr (Free parking from 12pm-2pm on Monday-Thursday)","5pm-9pm: $2.14 for 1st 2hrs; $1.07 for sub. hr; Aft 9pm: $1.07 for 1st 3hrs; $1.07 for sub. hr","$2.14 for 1st 2hrs; $1.07 for sub. hr; Aft 9pm: $1.07 for 1st 3hrs; $1.07 for sub. hr","$2.14 for 1st 2hrs; $1.07 for sub. hr; Aft 9pm: $1.07 for 1st 3hrs; $1.07 for sub. hr",103.7067297,1.3397443
"Jurong Theatre","West","8am-8.59pm: $1.60 per hr","Aft 9pm: $3 per entry","8am-8.59pm: $1.60 per hr, Aft 9pm: $3 per entry","$3 per entry",103.7437284,1.333614
"Lot 1 Shopping Centre","West","12am-5.59pm: $1.07 for 1st hr; $0.32 for sub. 15 mins.","Mon-Thurs, 6pm-11.59pm: $2.14 per entry. Fri & Eve of PH, 6pm-2.59am: $2.14 per entry.","3am-5.59pm: $2.14 for 1st 2-hrs; $0.32 for sub. 15 mins. 6pm-2.59am: $2.14 per entry.","3am-5.59pm: $2.14 for 1st 2-hrs; $0.32 for sub. 15 mins. 6pm-11.59am: $2.14 per entry.",103.7449142,1.3851169
"NUH","West","Daily: $0.03 per min","Daily: $0.03 per min","Daily: $0.03 per min","Daily: $0.03 per min",103.7830545,1.2946546
"Queensway Shopping Centre","West","8am-6pm: $2 for 1st 1½hr; $1.20 for sub. ½ hr","Aft 6pm: $2.30 per entry","8am-6pm: $1.50 for 1st 1hr; $1.20 for sub. ½ hr; Aft 6pm: $2.30 per entry","8am-6pm: $2 for 1st 1½hr; $1.20 for sub. ½ hr, Aft 6pm: $2.30 per entry",103.8036027,1.2877846
"Savoy Theatre","West","8am-5pm: $1.20 per hr","Aft 5pm: $3.00 per entry","8am-5pm: $1.20 per hr, Aft 5pm: $3.00 per entry","$3.00 per entry",103.7120546,1.3471649
"Serene Centre","West","8am-10pm: $1.53 for 1st hr; $1.53 for sub. ½ hr","Aft 10pm: $1.53 per entry","8am-10pm: $1.53 for 1st hr; $1.53 for sub. ½ hr, Aft 10pm: $1.53 per entry","8am-10pm: $1.53 for 1st hr; $1.53 for sub. ½ hr, Aft 10pm: $1.53 per entry",103.8137118,1.3225694
"Sunshine Place","West","HDB coupon parking","HDB coupon parking","HDB coupon parking","HDB coupon parking",103.739185,1.3780144
"The Clementi Mall","West","Daily: $1.50 for 1st hr; $0.80 for sub. ½ hr","Daily: $1.50 for 1st hr; $0.80 for sub. ½ hr","Daily: $1.50 for 1st hr; $0.80 for sub. ½ hr","Daily: $1.50 for 1st hr; $0.80 for sub. ½ hr",103.7642968,1.3149292
"The Metropolis","West","6am-6pm: $2.50 for 1st hr, sub $1.25 per 1/2 hr","Time period 1: 6pm-12am: $2.50 per entry; Time period 2: 12am-6am: $2.50 per entry","6am - 6pm: $1.00 per hour or part thereof; Aft 6pm same as wkdays","6am - 6pm: $1.00 per hour or part thereof; Aft 6pm same as wkdays",103.7915907,1.3059208
"The Star Vista","West","12am-11.59pm:$1.30 for 1st hr, $0.65 for sub. 30 mins or part thereof.","$1.30 for 1st hr, $0.65 for sub. 30 mins or part thereof.","Sat & PH: Same as wkdays","Sun:12am-11.59pm: $2.14 for 1st hr, $1.07 for sub. 30 mins or part thereof.",103.7883997,1.3068072
"Tiong Bahru Plaza","West","$1.50 for 1st hr; $0.80 for sub. ½ hr","$1.50 for 1st hr; $0.80 for sub. ½ hr","$1.50 for 1st hr; $0.80 for sub. ½ hr, $1.50 for 1st hr; $0.80 for sub. ½ hr","7am-6pm:$1.50 per hr; Aft 6pm: $3.60 per entry",103.8271464,1.2864878
"Turf City","West","Daily: Free parking","Daily: Free parking","Daily: Free parking","Daily: Free parking",103.7622666,1.4219327
"Valley Point","West","Daily: $1.50 for 1st hr; $0.80 for sub. ½ hr","Daily: $1.50 for 1st hr; $0.80 for sub. ½ hr","Daily: $1.50 for 1st hr; $0.80 for sub. ½ hr","Daily: $1.50 for 1st hr; $0.80 for sub. ½ hr",103.8271026,1.2931676
"West Coast Plaza (Ginza Plaza)","West","$1.25 for 1st hr; $1.00 for sub. ½ hr","$1.25 for 1st hr; $1.00 for sub. ½ hr","$1.50 for 1st hr; $1.00 for sub. ½ hr","$1.50 for 1st hr; $1.00 for sub. ½ hr",103.766452,1.303632
"West Mall","West","6am-5pm : $1.10 for 1st 2hrs or part thereof; $0.60 for sub. ½ hr or part thereof.","5pm-6am: $2.50 per entry.","6am-5pm: $1.10 for 1st hr or part thereof; $0.60 for sub. ½ hr or part thereof; 5pm-6am: $2.50 per entry.","6am-6am next day: $2.50 per entry.",103.7491801,1.3500142
"Westgate","West","Daily: $1.30 for 1st hr; $0.50 for sub. 15 mins","6pm - 11.59pm: $2.50 per entry","Daily: $1.30 for 1st hr; $0.50 for sub. 15 mins, 6pm - 11.59pm: $2.50 per entry","Daily: $1.30 for 1st hr; $0.50 for sub. 15 mins, 6pm - 11.59pm: $2.50 per entry",103.7426077,1.3345013
"Yew Tee Point","West","Daily: $1.18 for 1st hr; $0.64 for sub. ½ hr or part thereof.","Daily: $1.18 for 1st hr; $0.64 for sub. ½ hr or part thereof.","Daily: $1.18 for 1st hr; $0.64 for sub. ½ hr or part thereof.","Daily: $1.18 for 1st hr; $0.64 for sub. ½ hr or part thereof.",103.7468352,1.39716
"Bugis+","Capitaland","8.00am - 5.59pm: 1st hour @ $1.28. Subsequent 15 mins or part thereof @ $0.54","Mon-Thu: 6.00pm - 7.59am (next morning): $3.21 per entry. Fri: 6.00pm - 11.59pm: 1st 2 hour @ $3.21. Subsequent 15 mins or part thereof @ $0.54","12.00am - 11.59pm: 1st 2 hour @ $3.21. Subsequent 15 mins or part thereof @ $0.54","12.00am - 11.59pm: 1st 2 hour @ $3.21. Subsequent 15 mins or part thereof @ $0.54",103.8549433,1.3005871
